constraint_1,2.528522042206059
constraint_2,2.494874111758267
constraint_3,2.5285465965881424
constraint_4,2.1239273257783604
constraint_5,2.352293528744851
constraint_6,2.680237563060759
constraint_7,2.586992394431494
constraint_8,2.5451541860867652
constraint_9,2.5451543094087543
constraint_10,2.3475181668910508
constraint_11,2.390979818254617
constraint_12,0.9999998684976301
constraint_13,1.000000144422381
constraint_14,0.9999996007291335
constraint_15,0.9999999977558537
constraint_16,0.9999999522005546
constraint_17,0.9999999774721463
constraint_18,0.9999998684976293
constraint_19,1.000000144422381
constraint_20,0.9999999522005544
constraint_21,0.9999995634897346
constraint_22,0.9999998897073036
constraint_23,0.999999997755854
constraint_24,0.9999995819890205
constraint_25,1.000000080986896
constraint_26,1.0000001689078055
constraint_27,0.9999996007291335
constraint_28,1.000000115362748
constraint_29,0.9999999774721464
constraint_30,1.000000080986896
constraint_31,0.9999999522005546
constraint_32,0.9999998684976298
constraint_33,1.000000012514645
constraint_34,1.0000001464763113
constraint_35,0.999999619377894
constraint_36,0.9999995819890212
constraint_37,1.0000001478299239
constraint_38,1.000000012514645
constraint_39,1.0000000139185754
constraint_40,1.0000001444223807
constraint_41,0.9999996193778942
constraint_42,0.999999853217103
constraint_43,1.0000001689078049
constraint_44,0.9999998897073036
constraint_45,0.9999999752624044
constraint_46,0.9999999645528521
constraint_47,0.9999995634897346
constraint_48,0.9999998567607328
constraint_49,0.999999974333046
constraint_50,1.3938864590305113
constraint_51,1.429822038718407
constraint_52,1.3938326667414327
constraint_53,1.4278860908354887
constraint_54,1.6191219480339927
constraint_55,1.7880544853284535
constraint_56,1.342401137777345
constraint_57,1.3728723714497624
constraint_58,1.3728715352258167
constraint_59,1.6262796769585344
constraint_60,1.5636239551693312
constraint_61,0.9999729857029824
constraint_62,0.9999985819407006
constraint_63,0.9999756218751547
constraint_64,0.9999999655489109
constraint_65,0.9999999674933185
constraint_66,0.9999985749457317
constraint_67,0.9999925435545018
constraint_68,0.9999890238263529
constraint_69,0.9999889865723436
constraint_70,0.9999993404021623
constraint_71,0.9999906306047374
constraint_72,1.5240021325389796
constraint_73,1.5377765337972613
constraint_74,1.5239962312944062
constraint_75,1.2377067724732425
constraint_76,1.4622940257837984
constraint_77,1.661671020011025
constraint_78,1.5705223850038925
constraint_79,1.5645820922711835
constraint_80,1.5645817585459223
constraint_81,1.4026362559880066
constraint_82,1.3990817692212483
constraint_83,0.9999777291735831
constraint_84,0.9999987648766221
constraint_85,0.9999790734202867
constraint_86,0.9999999665061209
constraint_87,0.9999999661558542
constraint_88,0.999998777690566
constraint_89,0.9999941125690773
constraint_90,0.9999906721389846
constraint_91,0.9999906510941394
constraint_92,0.9999994925865465
constraint_93,0.9999922400548292
constraint_94,0.9999999522171806
constraint_95,0.9999999774787293
constraint_96,0.9999996193742625
constraint_97,1.0000001689563232
constraint_98,0.9999998685035011
constraint_99,1.0000001444656987
constraint_100,0.9999999522171804
constraint_101,0.9999999774787293
constraint_102,0.9999998685035006
constraint_103,0.999999581995986
constraint_104,1.0000000810316239
constraint_105,1.000000168956323
constraint_106,0.999999563474719
constraint_107,0.9999998897138148
constraint_108,0.9999999977611297
constraint_109,0.9999996193742628
constraint_110,0.9999999645587831
constraint_111,1.0000001444657
constraint_112,0.9999998897138146
constraint_113,0.9999998685035008
constraint_114,0.9999999522171806
constraint_115,1.0000001478666334
constraint_116,1.00000001392394
constraint_117,0.9999996007358668
constraint_118,0.9999995634747196
constraint_119,1.0000000125201827
constraint_120,1.0000001478666336
constraint_121,1.0000001465205732
constraint_122,0.9999999774787286
constraint_123,0.9999996007358667
constraint_124,0.9999999743628653
constraint_125,0.9999999977611297
constraint_126,1.0000000810316239
constraint_127,0.9999998567670769
constraint_128,1.0000001154056126
constraint_129,0.9999995819959863
constraint_130,0.9999999752915837
constraint_131,0.9999998532234373
constraint_132,0.9999890901413433
constraint_133,0.9999990910457514
constraint_134,0.9999901597532014
constraint_135,0.9999999937022008
constraint_136,0.9999999999844319
constraint_137,0.9999995512048997
constraint_138,0.9999971721458845
constraint_139,0.9999955410243638
constraint_140,0.999995517241178
constraint_141,0.9999995225321207
constraint_142,0.9999967448923628
constraint_143,1.8828029529451924
constraint_144,1.8594766807377892
constraint_145,1.882870987072454
constraint_146,1.5559958087289656
constraint_147,1.7428450614112132
constraint_148,1.968853078682486
constraint_149,1.912575193348989
constraint_150,1.9002166366119726
constraint_151,1.9002176160723114
constraint_152,1.738931631313408
constraint_153,1.774049814761981
constraint_154,1.0051445004729018
constraint_155,1.0371041522737863
constraint_156,1.0051128825202797
constraint_157,1.1102578882972558
constraint_158,1.0936236059719244
constraint_159,1.0000321697641983
constraint_160,1.0002440480004684
constraint_161,1.0190696129176082
constraint_162,1.0190690132858808
constraint_163,1.0527748575801656
constraint_164,1.0168293906678914
constraint_165,1.0000002316814594
constraint_166,0.9999996137410052
constraint_167,1.2366491203261838
constraint_168,1.1758271389322252
constraint_169,0.999999523551217
constraint_170,1.0000133435200274
constraint_171,0.9999992263935746
constraint_172,1.0527722938584403
constraint_173,0.9999985586363482
constraint_174,0.999999954005412
constraint_175,1.0000002316814602
constraint_176,1.7045371453585076
constraint_177,0.9999795452883287
constraint_178,0.9999962242475575
constraint_179,1.8317888845081842
constraint_180,1.2588656429581828
constraint_181,1.1990555557011542
constraint_182,1.0949009764707063
constraint_183,1.2227351615358568
constraint_184,13.647135022642104
constraint_185,13.526627603000646
constraint_186,13.64722919501781
constraint_187,12.197053218243509
constraint_188,13.015583321940895
constraint_189,14.191023545823718
constraint_190,13.856784675955646
constraint_191,13.706808740765743
constraint_192,13.70680908631158
constraint_193,12.998464881610275
constraint_194,13.154210683557181
constraint_195,9.982245383999462
constraint_196,9.982246761925767
constraint_197,9.982242353736735
constraint_198,9.982247154655376
constraint_199,9.982245300237482
constraint_200,9.982246929077716
constraint_201,9.98224538399946
constraint_202,9.982246761925767
constraint_203,9.982245300237478
constraint_204,9.982241981241293
constraint_205,9.982246186590686
constraint_206,9.982247154655376
constraint_207,9.982241962621307
constraint_208,9.982245995101241
constraint_209,9.982246983265979
constraint_210,9.982242353736739
constraint_211,9.98224656047036
constraint_212,9.982246929077723
constraint_213,9.982245995101243
constraint_214,9.982245300237478
constraint_215,9.982245383999464
constraint_216,9.982247105132842
constraint_217,9.982246971275359
constraint_218,9.982242335144889
constraint_219,9.98224196262131
constraint_220,9.982246969646392
constraint_221,9.982247105132839
constraint_222,9.982247104046685
constraint_223,9.982246761925762
constraint_224,9.982242335144889
constraint_225,9.982245436977415
constraint_226,9.982246983265977
constraint_227,9.982246186590686
constraint_228,9.98224533936494
constraint_229,9.982246711483064
constraint_230,9.982241981241296
constraint_231,9.982245457992
constraint_232,9.982245315732513
constraint_233,0.9999999540054116
constraint_234,0.9999996451519775
constraint_235,0.9999981586165527
constraint_236,0.9999995235507659
constraint_237,1.1758271389225552
constraint_238,0.9999992263935757
constraint_239,1.0000133435200833
constraint_240,1.1898943864435074
constraint_241,1.0506235856820647
constraint_242,1.0000002316814605
constraint_243,0.9999999540054123
constraint_244,1.7580357662039638
constraint_245,1.0474346260772527
constraint_246,0.9999961866826519
constraint_247,1.6611417557301824
constraint_248,1.1609935739257575
constraint_249,1.2153324858077752
constraint_250,1.1565932014986022
constraint_251,1.1822072342501893
constraint_252,14.21310794127137
constraint_253,14.068104940504195
constraint_254,14.213218258661062
constraint_255,12.468776172080068
constraint_256,13.453374395395903
constraint_257,14.867297344435457
constraint_258,14.46525643735324
constraint_259,14.284860096389801
constraint_260,14.284860558401364
constraint_261,13.432783910159145
constraint_262,13.620144297172752
constraint_263,9.315321392484622
constraint_264,9.315322920639943
constraint_265,9.315318627577392
constraint_266,9.315322960282648
constraint_267,9.315321476142831
constraint_268,9.315322753842443
constraint_269,9.315321392484618
constraint_270,9.315322920639945
constraint_271,9.315321476142827
constraint_272,9.315318280102984
constraint_273,9.315322037443735
constraint_274,9.31532296028265
constraint_275,9.31531829851088
constraint_276,9.315322228564433
constraint_277,9.315323131254818
constraint_278,9.31531862757739
constraint_279,9.315322717043447
constraint_280,9.315322753842452
constraint_281,9.315322228564437
constraint_282,9.315321476142827
constraint_283,9.315321392484622
constraint_284,9.31532294871971
constraint_285,9.31532308276026
constraint_286,9.315318646269244
constraint_287,9.315318298510887
constraint_288,9.315323083905385
constraint_289,9.31532294871971
constraint_290,9.315322950364248
constraint_291,9.31532292063994
constraint_292,9.315318646269244
constraint_293,9.315321405747094
constraint_294,9.315323131254816
constraint_295,9.315322037443735
constraint_296,9.315321546291964
constraint_297,9.315322566387112
constraint_298,9.315318280102982
constraint_299,9.315321427885232
constraint_300,9.315321526765393
