,standard chemical potential,standard chemical potential,standard chemical potential,standard chemical potential,standard chemical potential,standard chemical potential,standard chemical potential,standard chemical potential,standard chemical potential,standard chemical potential,standard chemical potential,standard chemical potential,standard chemical potential,standard chemical potential,standard chemical potential,standard chemical potential,standard chemical potential,standard chemical potential,standard chemical potential,catalytic rate constant geometric mean,catalytic rate constant geometric mean,catalytic rate constant geometric mean,catalytic rate constant geometric mean,catalytic rate constant geometric mean,catalytic rate constant geometric mean,catalytic rate constant geometric mean,catalytic rate constant geometric mean,catalytic rate constant geometric mean,catalytic rate constant geometric mean,catalytic rate constant geometric mean,Michaelis constant,Michaelis constant,Michaelis constant,Michaelis constant,Michaelis constant,Michaelis constant,Michaelis constant,Michaelis constant,Michaelis constant,Michaelis constant,Michaelis constant,Michaelis constant,Michaelis constant,Michaelis constant,Michaelis constant,Michaelis constant,Michaelis constant,Michaelis constant,Michaelis constant,Michaelis constant,Michaelis constant,Michaelis constant,Michaelis constant,Michaelis constant,Michaelis constant,Michaelis constant,Michaelis constant,Michaelis constant,Michaelis constant,Michaelis constant,Michaelis constant,Michaelis constant,Michaelis constant,Michaelis constant,Michaelis constant,Michaelis constant,Michaelis constant,Michaelis constant
standard chemical potential,1.919e+05,-3.351e+04,2.632e+04,-2.463e+04,2.463e+04,-3997,3997,-2835,1.034e+04,5.814e+04,-5.814e+04,-5415,5158,-1.083e+04,-5415,1.833e+04,1.833e+04,-2835,1.833e+04,1.099e-08,0.03025,-4.47e-08,0,-2.014e-05,0.0002115,2.165e-09,-0.0004827,0.07499,9.321e-08,-6.146e-10,-7.366e-08,-0.1156,-7.009e-09,-1.835e-08,8.229e-08,5.417e-05,-1.297e-07,-0.4764,7.085e-08,-1.248e-08,1.035e-06,-2.031e-08,4.064e-09,-1.641e-06,2.031e-08,-7.009e-09,0.01891,0.5306,-3.037e-06,8.832e-08,-1.297e-07,0.02432,-0.08536,7.009e-09,2.802e-08,-0.0594,0.02585,0.08536,-0.3738,7.009e-09,-0.015,1.835e-08,7.581e-07,-0.04036,-0.01891,-2.802e-08,2.429e-05,0.015
standard chemical potential,-3.351e+04,1.553e+05,2.177e+04,6.115e+04,-6.115e+04,1930,-1930,-1.094e+04,2.949e+04,3.351e+04,-3.351e+04,-3546,-1.48e+04,-7087,-3547,2.563e+04,2.563e+04,-1.095e+04,2.563e+04,-3.152e-08,-0.3351,-3.209e-06,0,-5.688e-05,0.0005975,6.087e-09,-0.003941,-0.07726,9.279e-08,-3.521e-10,-4.246e-08,-0.3266,2.011e-08,-1.827e-08,4.743e-08,0.000153,-7.473e-08,-1.346,4.084e-08,-8.958e-07,2.91e-06,-2.022e-08,2.918e-07,-4.614e-06,2.022e-08,2.011e-08,-0.2095,1.499,-8.54e-06,5.091e-08,-7.473e-08,0.09389,-0.2411,-2.011e-08,2.012e-06,-0.2293,0.09981,0.2411,-1.056,-2.011e-08,0.01545,1.827e-08,2.132e-06,-0.3294,0.2095,-2.012e-06,0.0001983,-0.01545
standard chemical potential,2.632e+04,2.177e+04,8.807e+04,4550,-4550,-2.384e+04,2.384e+04,7713,-7306,-2.632e+04,2.632e+04,-1.998e+04,5.54e+04,-3.997e+04,-1.998e+04,4.038e+04,4.038e+04,7720,4.038e+04,1.18e-07,0.8215,6.195e-06,0,1.308e-05,-0.0001374,-1.351e-09,0.005468,0.5295,2.805e-07,2.766e-10,3.335e-08,0.07513,-7.528e-08,-5.522e-08,-3.726e-08,-3.52e-05,5.87e-08,0.3095,-3.208e-08,1.729e-06,-6.462e-07,-6.112e-08,-5.633e-07,1.024e-06,6.112e-08,-7.528e-08,0.5136,-0.3448,1.896e-06,-3.999e-08,5.87e-08,-0.0662,0.05546,7.528e-08,-3.884e-06,0.1617,-0.07037,-0.05546,0.2429,7.528e-08,-0.1059,5.522e-08,-4.733e-07,0.4571,-0.5136,3.884e-06,-0.0002752,0.1059
standard chemical potential,-2.463e+04,6.115e+04,4550,1.642e+05,8.578e+04,-5926,5926,8109,-1.916e+04,2.463e+04,-2.463e+04,-1869,1.996e+04,-3741,-1868,-7303,-7304,8112,-7303,4.251e-08,0.3654,3.165e-06,0,3.675e-05,-0.000386,-3.922e-09,0.003458,0.1522,4.151e-10,-2.588e-10,-3.121e-08,0.211,-2.712e-08,-8.173e-11,3.486e-08,-9.886e-05,-5.493e-08,0.8694,3.002e-08,8.834e-07,-1.876e-06,-9.044e-11,-2.877e-07,2.973e-06,9.044e-11,-2.712e-08,0.2285,-0.9683,5.503e-06,3.742e-08,-5.493e-08,-0.06958,0.1558,2.712e-08,-1.984e-06,0.1699,-0.07396,-0.1558,0.6821,2.712e-08,-0.03045,8.173e-11,-1.374e-06,0.2891,-0.2285,1.984e-06,-0.000174,0.03045
standard chemical potential,2.463e+04,-6.115e+04,-4550,8.578e+04,1.642e+05,5926,-5926,-8109,1.916e+04,-2.463e+04,2.463e+04,1869,-1.996e+04,3741,1868,7303,7304,-8112,7303,-4.251e-08,-0.3654,-3.165e-06,0,-3.675e-05,0.000386,3.922e-09,-0.003458,-0.1522,-4.151e-10,2.588e-10,3.121e-08,-0.211,2.712e-08,8.173e-11,-3.486e-08,9.886e-05,5.493e-08,-0.8694,-3.002e-08,-8.834e-07,1.876e-06,9.044e-11,2.877e-07,-2.973e-06,-9.044e-11,2.712e-08,-0.2285,0.9683,-5.503e-06,-3.742e-08,5.493e-08,0.06958,-0.1558,-2.712e-08,1.984e-06,-0.1699,0.07396,0.1558,-0.6821,-2.712e-08,0.03045,-8.173e-11,1.374e-06,-0.2891,0.2285,-1.984e-06,0.000174,-0.03045
standard chemical potential,-3997,1930,-2.384e+04,-5926,5926,1.371e+05,1.129e+05,-2479,2.467e+04,3997,-3997,1.089e+04,-2.674e+04,2.177e+04,1.089e+04,414.1,412.6,-2482,413.2,-5.693e-08,-0.3803,-2.772e-06,0,1.16e-06,-1.218e-05,-2.485e-09,0.002693,0.1525,1.908e-07,-4.2e-11,-5.064e-09,0.006658,3.633e-08,-3.757e-08,5.657e-09,-3.12e-06,-8.913e-09,0.02743,4.871e-09,-7.739e-07,-1.188e-06,-4.159e-08,2.521e-07,1.883e-06,4.159e-08,3.633e-08,-0.2378,-0.03056,3.486e-06,6.072e-09,-8.913e-09,0.02128,0.004916,-3.633e-08,1.738e-06,-0.05198,0.02262,-0.004916,0.02152,-3.633e-08,-0.03049,3.757e-08,-8.703e-07,0.2251,0.2378,-1.738e-06,-0.0001355,0.03049
standard chemical potential,3997,-1930,2.384e+04,5926,-5926,1.129e+05,1.371e+05,2479,-2.467e+04,-3997,3997,-1.089e+04,2.674e+04,-2.177e+04,-1.089e+04,-414.1,-412.6,2482,-413.2,5.693e-08,0.3803,2.772e-06,0,-1.16e-06,1.218e-05,2.485e-09,-0.002693,-0.1525,-1.908e-07,4.2e-11,5.064e-09,-0.006658,-3.633e-08,3.757e-08,-5.657e-09,3.12e-06,8.913e-09,-0.02743,-4.871e-09,7.739e-07,1.188e-06,4.159e-08,-2.521e-07,-1.883e-06,-4.159e-08,-3.633e-08,0.2378,0.03056,-3.486e-06,-6.072e-09,8.913e-09,-0.02128,-0.004916,3.633e-08,-1.738e-06,0.05198,-0.02262,0.004916,-0.02152,3.633e-08,0.03049,-3.757e-08,8.703e-07,-0.2251,-0.2378,1.738e-06,0.0001355,-0.03049
standard chemical potential,-2835,-1.094e+04,7713,8109,-8109,-2479,2479,5.49e+04,-2202,2835,-2835,2.496e+04,5.986e+04,4.993e+04,2.496e+04,2756,2756,5.488e+04,2756,1.275e-07,-1.76,-7.028e-06,0,-6.577e-06,6.909e-05,1.228e-09,-0.001036,-0.04244,-2.263e-07,-2.979e-11,-3.592e-09,-0.03776,-8.133e-08,4.457e-08,4.012e-09,1.769e-05,-6.322e-09,-0.1556,3.455e-09,-1.962e-06,5.872e-07,4.933e-08,6.39e-07,-9.308e-07,-4.933e-08,-8.133e-08,-1.101,0.1733,-1.723e-06,4.307e-09,-6.322e-09,0.06527,-0.02788,8.133e-08,4.407e-06,-0.1594,0.06938,0.02788,-0.1221,8.133e-08,0.008488,-4.457e-08,4.301e-07,-0.08659,1.101,-4.407e-06,5.212e-05,-0.008488
standard chemical potential,1.034e+04,2.949e+04,-7306,-1.916e+04,1.916e+04,2.467e+04,-2.467e+04,-2202,9.138e+04,-1.034e+04,1.034e+04,2.357e+04,-5.154e+04,4.713e+04,2.357e+04,4.203e+04,4.204e+04,-2207,4.203e+04,-1.098e-07,-0.6996,-4.894e-06,0,1.772e-05,-0.0001862,1.206e-08,-0.008683,-0.2505,1.696e-07,1.086e-10,1.31e-08,0.1018,7.003e-08,-3.34e-08,-1.463e-08,-4.768e-05,2.305e-08,0.4193,-1.26e-08,-1.366e-06,5.768e-06,-3.697e-08,4.449e-07,-9.143e-06,3.697e-08,7.003e-08,-0.4374,-0.467,-1.692e-05,-1.57e-08,2.305e-08,0.01891,0.07513,-7.003e-08,3.068e-06,-0.0462,0.02011,-0.07513,0.329,-7.003e-08,0.0501,3.34e-08,4.225e-06,-0.7259,0.4374,-3.068e-06,0.000437,-0.0501
standard chemical potential,5.814e+04,3.351e+04,-2.632e+04,2.463e+04,-2.463e+04,3997,-3997,2835,-1.034e+04,1.919e+05,5.814e+04,5415,-5158,1.083e+04,5415,-1.833e+04,-1.833e+04,2835,-1.833e+04,-1.099e-08,-0.03025,4.47e-08,0,2.014e-05,-0.0002115,-2.165e-09,0.0004827,-0.07499,-9.321e-08,6.109e-10,7.367e-08,0.1156,7.009e-09,1.835e-08,-8.229e-08,-5.417e-05,1.297e-07,0.4764,-7.086e-08,1.248e-08,-1.035e-06,2.031e-08,-4.064e-09,1.641e-06,-2.031e-08,7.009e-09,-0.01891,-0.5306,3.037e-06,-8.833e-08,1.297e-07,-0.02432,0.08536,-7.009e-09,-2.802e-08,0.0594,-0.02585,-0.08536,0.3738,-7.009e-09,0.015,-1.835e-08,-7.581e-07,0.04036,0.01891,2.802e-08,-2.429e-05,-0.015
standard chemical potential,-5.814e+04,-3.351e+04,2.632e+04,-2.463e+04,2.463e+04,-3997,3997,-2835,1.034e+04,5.814e+04,1.919e+05,-5415,5158,-1.083e+04,-5415,1.833e+04,1.833e+04,-2835,1.833e+04,1.099e-08,0.03025,-4.47e-08,0,-2.014e-05,0.0002115,2.165e-09,-0.0004827,0.07499,9.321e-08,-6.109e-10,-7.367e-08,-0.1156,-7.009e-09,-1.835e-08,8.229e-08,5.417e-05,-1.297e-07,-0.4764,7.086e-08,-1.248e-08,1.035e-06,-2.031e-08,4.064e-09,-1.641e-06,2.031e-08,-7.009e-09,0.01891,0.5306,-3.037e-06,8.833e-08,-1.297e-07,0.02432,-0.08536,7.009e-09,2.802e-08,-0.0594,0.02585,0.08536,-0.3738,7.009e-09,-0.015,1.835e-08,7.581e-07,-0.04036,-0.01891,-2.802e-08,2.429e-05,0.015
standard chemical potential,-5415,-3546,-1.998e+04,-1869,1869,1.089e+04,-1.089e+04,2.496e+04,2.357e+04,5415,-5415,2.338e+04,3188,4.674e+04,2.337e+04,1793,1791,2.496e+04,1792,6.789e-09,0.3664,4.645e-06,0,-0.0001524,2.238e-05,-1.87e-09,0.002174,0.1312,7.765e-08,-5.69e-11,-6.861e-09,-0.01223,-4.332e-09,-1.529e-08,7.664e-09,5.732e-06,-1.208e-08,-0.05041,6.599e-09,1.297e-06,-8.942e-07,-1.692e-08,-4.224e-07,1.417e-06,1.692e-08,-4.332e-09,0.2291,0.05615,2.624e-06,8.226e-09,-1.208e-08,-0.2141,-0.6459,4.332e-09,-2.913e-06,0.5231,-0.2276,0.6459,-0.03955,4.332e-09,-0.02624,1.529e-08,-6.55e-07,0.1818,-0.2291,2.913e-06,-0.0001094,0.02624
standard chemical potential,5158,-1.48e+04,5.54e+04,1.996e+04,-1.996e+04,-2.674e+04,2.674e+04,5.986e+04,-5.154e+04,-5158,5158,3188,1.133e+05,6377,3188,1927,1931,5.985e+04,1929,-2.911e-07,-0.9999,-1.484e-06,0,-8.896e-06,9.345e-05,6.197e-09,-0.006421,-0.3474,2.661e-07,5.42e-11,6.536e-09,-0.05108,1.857e-07,-5.24e-08,-7.301e-09,2.393e-05,1.15e-08,-0.2105,-6.287e-09,-4.142e-07,2.963e-06,-5.8e-08,1.349e-07,-4.697e-06,5.8e-08,1.857e-07,-0.6251,0.2344,-8.694e-06,-7.837e-09,1.15e-08,0.02271,-0.03771,-1.857e-07,9.304e-07,-0.05547,0.02414,0.03771,-0.1651,-1.857e-07,0.06947,5.24e-08,2.171e-06,-0.5368,0.6251,-9.304e-07,0.0003232,-0.06947
standard chemical potential,-1.083e+04,-7087,-3.997e+04,-3741,3741,2.177e+04,-2.177e+04,4.993e+04,4.713e+04,1.083e+04,-1.083e+04,4.674e+04,6377,9.348e+04,4.674e+04,3584,3582,4.993e+04,3583,1.358e-08,0.7329,9.292e-06,0,-4.259e-06,4.474e-05,-3.741e-09,0.004349,0.2625,1.553e-07,-1.138e-10,-1.372e-08,-0.02445,-8.665e-09,-3.058e-08,1.533e-08,1.146e-05,-2.415e-08,-0.1008,1.32e-08,2.594e-06,-1.789e-06,-3.385e-08,-8.448e-07,2.835e-06,3.385e-08,-8.665e-09,0.4582,0.1122,5.248e-06,1.645e-08,-2.415e-08,0.1078,-0.01805,8.665e-09,-5.826e-06,-0.2634,0.1146,0.01805,-0.07905,8.665e-09,-0.05249,3.058e-08,-1.31e-06,0.3636,-0.4582,5.826e-06,-0.0002189,0.05249
standard chemical potential,-5415,-3547,-1.998e+04,-1868,1868,1.089e+04,-1.089e+04,2.496e+04,2.357e+04,5415,-5415,2.337e+04,3188,4.674e+04,2.338e+04,1793,1792,2.496e+04,1792,6.788e-09,0.3664,4.645e-06,0,0.0001481,2.239e-05,-1.87e-09,0.002174,0.1312,7.765e-08,-5.69e-11,-6.861e-09,-0.01224,-4.331e-09,-1.529e-08,7.664e-09,5.734e-06,-1.208e-08,-0.05043,6.599e-09,1.297e-06,-8.941e-07,-1.692e-08,-4.224e-07,1.417e-06,1.692e-08,-4.331e-09,0.2291,0.05617,2.623e-06,8.227e-09,-1.208e-08,-0.2141,0.6278,4.331e-09,-2.913e-06,0.5231,-0.2276,-0.6278,-0.03956,4.331e-09,-0.02624,1.529e-08,-6.55e-07,0.1818,-0.2291,2.913e-06,-0.0001094,0.02624
standard chemical potential,1.833e+04,2.563e+04,4.038e+04,-7303,7303,414.1,-414.1,2756,4.203e+04,-1.833e+04,1.833e+04,1793,1927,3584,1793,4.121e+04,4.12e+04,2756,4.121e+04,4.104e-09,0.06096,6.506e-07,0,1.54e-05,-0.0001618,-6.321e-09,0.01085,0.8344,-2.12e-07,1.926e-10,2.323e-08,0.08844,-2.619e-09,4.175e-08,-2.594e-08,-4.144e-05,4.088e-08,0.3644,-2.234e-08,1.816e-07,-3.022e-06,4.621e-08,-5.915e-08,4.791e-06,-4.621e-08,-2.619e-09,0.03811,-0.4059,8.868e-06,-2.785e-08,4.088e-08,-0.02364,0.0653,2.619e-09,-4.079e-07,0.05774,-0.02513,-0.0653,0.2859,2.619e-09,-0.1669,-4.175e-08,-2.214e-06,0.9073,-0.03811,4.079e-07,-0.0005462,0.1669
standard chemical potential,1.833e+04,2.563e+04,4.038e+04,-7304,7304,412.6,-412.6,2756,4.204e+04,-1.833e+04,1.833e+04,1791,1931,3582,1792,4.12e+04,4.121e+04,2757,4.121e+04,4.112e-09,0.06101,6.51e-07,0,1.54e-05,-0.0001618,-6.321e-09,-0.01407,-0.5555,-2.12e-07,1.926e-10,2.322e-08,0.08845,-2.624e-09,4.175e-08,-2.594e-08,-4.144e-05,4.088e-08,0.3644,-2.234e-08,1.817e-07,-3.022e-06,4.621e-08,-5.919e-08,4.791e-06,-4.621e-08,-2.624e-09,0.03814,-0.4059,8.868e-06,-2.785e-08,4.088e-08,-0.02364,0.0653,2.624e-09,-4.082e-07,0.05775,-0.02514,-0.0653,0.2859,2.624e-09,0.1111,-4.175e-08,-2.214e-06,-1.176,-0.03814,4.082e-07,0.000708,-0.1111
standard chemical potential,-2835,-1.095e+04,7720,8112,-8112,-2482,2482,5.488e+04,-2207,2835,-2835,2.496e+04,5.985e+04,4.993e+04,2.496e+04,2756,2757,5.49e+04,2756,1.274e-07,1.493,-7.029e-06,0,-6.578e-06,6.91e-05,1.229e-09,-0.001037,-0.04248,-2.263e-07,-2.979e-11,-3.592e-09,-0.03777,-8.132e-08,4.457e-08,4.012e-09,1.77e-05,-6.322e-09,-0.1556,3.455e-09,-1.962e-06,5.875e-07,4.933e-08,6.391e-07,-9.313e-07,-4.933e-08,-8.132e-08,0.9337,0.1733,-1.724e-06,4.307e-09,-6.322e-09,0.06528,-0.02789,8.132e-08,4.407e-06,-0.1594,0.06939,0.02789,-0.1221,8.132e-08,0.008496,-4.457e-08,4.304e-07,-0.08665,-0.9337,-4.407e-06,5.216e-05,-0.008496
standard chemical potential,1.833e+04,2.563e+04,4.038e+04,-7303,7303,413.2,-413.2,2756,4.203e+04,-1.833e+04,1.833e+04,1792,1929,3583,1792,4.121e+04,4.121e+04,2756,4.121e+04,4.109e-09,0.06099,6.509e-07,0,1.54e-05,-0.0001618,-6.321e-09,0.01085,-0.5555,-2.12e-07,1.926e-10,2.322e-08,0.08844,-2.622e-09,4.175e-08,-2.594e-08,-4.144e-05,4.088e-08,0.3644,-2.234e-08,1.817e-07,-3.022e-06,4.621e-08,-5.917e-08,4.791e-06,-4.621e-08,-2.622e-09,0.03813,-0.4059,8.868e-06,-2.785e-08,4.088e-08,-0.02364,0.0653,2.622e-09,-4.081e-07,0.05775,-0.02513,-0.0653,0.2859,2.622e-09,0.1111,-4.175e-08,-2.214e-06,0.9074,-0.03813,4.081e-07,-0.0005462,-0.1111
catalytic rate constant geometric mean,1.099e-08,-3.152e-08,1.18e-07,4.251e-08,-4.251e-08,-5.693e-08,5.693e-08,1.275e-07,-1.098e-07,-1.099e-08,1.099e-08,6.789e-09,-2.911e-07,1.358e-08,6.788e-09,4.104e-09,4.112e-09,1.274e-07,4.109e-09,2.514,-2.129e-12,-3.16e-18,0,-1.894e-17,1.99e-16,1.32e-20,-1.367e-14,-7.398e-13,5.667e-19,1.154e-22,1.392e-20,-1.088e-13,1.139,-1.116e-19,-1.555e-20,5.096e-17,2.45e-20,-4.482e-13,-1.339e-20,-8.821e-19,6.31e-18,-1.235e-19,2.873e-19,-1e-17,1.235e-19,1.139,-1.331e-12,4.992e-13,-1.852e-17,-1.669e-20,2.45e-20,4.836e-14,-8.03e-14,-1.139,1.981e-18,-1.181e-13,5.141e-14,8.03e-14,-3.516e-13,-1.139,1.479e-13,1.116e-19,4.622e-18,-1.143e-12,1.331e-12,-1.981e-18,6.882e-16,-1.479e-13
catalytic rate constant geometric mean,0.03025,-0.3351,0.8215,0.3654,-0.3654,-0.3803,0.3803,-1.76,-0.6996,-0.03025,0.03025,0.3664,-0.9999,0.7329,0.3664,0.06096,0.06101,1.493,0.06099,-2.129e-12,2.039,-1.108e-10,0,-2.014e-10,2.116e-09,9.665e-14,-9.707e-08,-5.075e-06,5.179e-13,3.178e-16,3.832e-14,-1.156e-06,1.359e-12,-1.02e-13,-4.281e-14,5.418e-10,6.745e-14,-4.765e-06,-3.686e-14,-3.093e-11,4.621e-11,-1.129e-13,1.007e-11,-7.326e-11,1.129e-13,1.359e-12,-1.378,5.307e-06,-1.356e-10,-4.595e-14,6.745e-14,1.145e-06,-8.537e-07,-1.359e-12,6.947e-11,-2.797e-06,1.217e-06,8.537e-07,-3.738e-06,-1.359e-12,1.015e-06,1.02e-13,3.385e-11,-8.115e-06,1.378,-6.947e-11,4.885e-09,-1.015e-06
catalytic rate constant geometric mean,-4.47e-08,-3.209e-06,6.195e-06,3.165e-06,-3.165e-06,-2.772e-06,2.772e-06,-7.028e-06,-4.894e-06,4.47e-08,-4.47e-08,4.645e-06,-1.484e-06,9.292e-06,4.645e-06,6.506e-07,6.51e-07,-7.029e-06,6.509e-07,-3.16e-18,-1.108e-10,1.927,0,-1.929e-15,2.026e-14,7.569e-19,-7.429e-13,-3.781e-11,-1.632e-17,-4.697e-22,-5.664e-20,-1.107e-11,2.016e-18,3.213e-18,6.327e-20,5.188e-15,-9.968e-20,-4.563e-11,5.448e-20,-0.6485,3.619e-16,3.556e-18,0.2112,-5.737e-16,-3.556e-18,2.016e-18,-6.928e-11,5.082e-11,-1.062e-15,6.791e-20,-9.968e-20,1.34e-11,-8.175e-12,-2.016e-18,1.457,-3.274e-11,1.425e-11,8.175e-12,-3.58e-11,-2.016e-18,7.562e-12,-3.213e-18,2.651e-16,-6.21e-11,6.928e-11,-1.457,3.739e-14,-7.562e-12
catalytic rate constant geometric mean,0,0,0,0,0,0,0,0,0,0,0,0,0,0,0,0,0,0,0,0,0,0,7.069,0,0,0,0,0,0,0,0,0,0,0,0,0,0,0,0,0,0,0,0,0,0,0,0,0,0,0,0,0,0,0,0,0,0,0,0,0,0,0,0,0,0,0,0,0
catalytic rate constant geometric mean,-2.014e-05,-5.688e-05,1.308e-05,3.675e-05,-3.675e-05,1.16e-06,-1.16e-06,-6.577e-06,1.772e-05,2.014e-05,-2.014e-05,-0.0001524,-8.896e-06,-4.259e-06,0.0001481,1.54e-05,1.54e-05,-6.578e-06,1.54e-05,-1.894e-17,-2.014e-10,-1.929e-15,0,7.275e-05,3.591e-13,3.658e-18,-2.368e-12,-4.643e-11,5.576e-17,-2.116e-19,-2.551e-17,-1.963e-10,1.209e-17,-1.098e-17,2.85e-17,9.196e-14,-4.491e-17,-8.087e-10,2.454e-17,-5.384e-16,1.749e-15,-1.215e-17,1.753e-16,-2.773e-15,1.215e-17,1.209e-17,-1.259e-10,9.008e-10,-5.132e-15,3.059e-17,-4.491e-17,5.643e-11,-1.17e-05,-1.209e-17,1.209e-15,-1.378e-10,5.998e-11,1.17e-05,-6.345e-10,-1.209e-17,9.285e-12,1.098e-17,1.281e-15,-1.98e-10,1.259e-10,-1.209e-15,1.192e-13,-9.285e-12
catalytic rate constant geometric mean,0.0002115,0.0005975,-0.0001374,-0.000386,0.000386,-1.218e-05,1.218e-05,6.909e-05,-0.0001862,-0.0002115,0.0002115,2.238e-05,9.345e-05,4.474e-05,2.239e-05,-0.0001618,-0.0001618,6.91e-05,-0.0001618,1.99e-16,2.116e-09,2.026e-14,0,3.591e-13,0.001215,-3.843e-17,2.488e-11,4.877e-10,-5.858e-16,2.223e-18,2.68e-16,3.743e-05,-1.27e-16,1.153e-16,-2.994e-16,-1.754e-08,4.717e-16,0.0001542,-2.578e-16,5.655e-15,-1.837e-14,1.277e-16,-1.842e-15,2.913e-14,-1.277e-16,-1.27e-16,1.323e-09,-0.0001718,5.391e-14,-3.214e-16,4.717e-16,-5.927e-10,1.522e-09,1.27e-16,-1.27e-14,1.448e-09,-6.301e-10,-1.522e-09,0.000121,1.27e-16,-9.754e-11,-1.153e-16,-1.346e-14,2.08e-09,-1.323e-09,1.27e-14,-1.252e-12,9.754e-11
catalytic rate constant geometric mean,2.164e-09,6.087e-09,-1.351e-09,-3.922e-09,3.922e-09,-2.486e-09,2.481e-09,1.228e-09,1.206e-08,-2.165e-09,2.165e-09,-1.87e-09,6.2e-09,-3.739e-09,-1.87e-09,-6.322e-09,-6.321e-09,1.229e-09,-6.321e-09,1.319e-20,9.665e-14,7.57e-19,0,3.657e-18,-3.843e-17,0.001348,1.179e-15,3.061e-14,-2.45e-20,2.274e-23,2.743e-21,2.1e-14,-8.423e-21,4.827e-21,-3.063e-21,-9.839e-18,4.826e-21,8.654e-14,-2.639e-21,2.113e-19,-0.0004256,5.343e-21,-6.881e-20,0.0006746,-5.343e-21,-8.423e-21,6.044e-14,-9.639e-14,0.001249,-3.289e-21,4.828e-21,-1.054e-14,1.55e-14,8.423e-21,-4.745e-19,2.574e-14,-1.12e-14,-1.551e-14,6.788e-14,8.42e-21,-6.121e-15,-4.827e-21,-0.0003117,9.857e-14,-6.043e-14,4.746e-19,-5.934e-17,6.125e-15
catalytic rate constant geometric mean,-0.0004827,-0.003941,0.005468,0.003458,-0.003458,0.002693,-0.002693,-0.001036,-0.008683,0.0004827,-0.0004827,0.002174,-0.006421,0.004349,0.002174,0.01085,-0.01407,-0.001037,0.01085,-1.367e-14,-9.707e-08,-7.429e-13,0,-2.368e-12,2.488e-11,1.179e-15,0.005919,-8.806e-08,5.024e-15,-5.073e-18,-6.117e-16,-1.36e-08,8.726e-15,-9.891e-16,6.833e-16,6.371e-12,-1.077e-15,-5.603e-08,5.883e-16,-2.074e-13,5.638e-13,-1.095e-15,6.754e-14,-8.938e-13,1.095e-15,8.726e-15,-6.069e-08,6.24e-08,-1.654e-12,7.334e-16,-1.077e-15,8.889e-09,-1.004e-08,-8.726e-15,4.658e-13,-2.171e-08,9.449e-09,1.004e-08,-4.396e-08,-8.726e-15,1.761e-08,9.892e-16,4.13e-13,-0.001718,6.069e-08,-4.658e-13,1.034e-06,-1.761e-08
catalytic rate constant geometric mean,0.07499,-0.07726,0.5295,0.1522,-0.1522,0.1525,-0.1525,-0.04244,-0.2505,-0.07499,0.07499,0.1312,-0.3474,0.2625,0.1312,0.8344,-0.5555,-0.04248,-0.5555,-7.398e-13,-5.075e-06,-3.781e-11,0,-4.643e-11,4.877e-10,3.062e-14,-8.806e-08,0.9424,-8.987e-13,7.88e-16,9.501e-14,-2.666e-07,4.721e-13,1.77e-13,-1.061e-13,1.249e-10,1.672e-13,-1.098e-06,-9.139e-14,-1.056e-11,1.464e-11,1.959e-13,3.438e-12,-2.321e-11,-1.959e-13,4.721e-13,-3.173e-06,1.223e-06,-4.296e-11,-1.139e-13,1.672e-13,3.643e-07,-1.968e-07,-4.721e-13,2.371e-11,-8.898e-07,3.873e-07,1.968e-07,-8.618e-07,-4.721e-13,0.6598,-1.769e-13,1.072e-11,-7.361e-06,3.173e-06,-2.371e-11,4.431e-09,-0.6598
catalytic rate constant geometric mean,9.321e-08,9.279e-08,2.805e-07,4.151e-10,-4.149e-10,1.908e-07,-1.908e-07,-2.263e-07,1.696e-07,-9.321e-08,9.321e-08,7.765e-08,2.661e-07,1.553e-07,7.765e-08,-2.12e-07,-2.12e-07,-2.263e-07,-2.12e-07,5.667e-19,5.179e-13,-1.632e-17,0,5.576e-17,-5.858e-16,-2.451e-20,5.023e-15,-8.987e-13,1.257,9.794e-22,1.181e-19,3.202e-13,-3.616e-19,0.5883,-1.319e-19,-1.5e-16,2.079e-19,1.319e-12,-1.136e-19,-4.555e-18,-1.172e-17,0.6511,1.483e-18,1.858e-17,-0.6511,-3.616e-19,3.238e-13,-1.469e-12,3.439e-17,-1.416e-19,2.079e-19,6.703e-14,2.364e-13,3.616e-19,1.023e-17,-1.637e-13,7.125e-14,-2.364e-13,1.035e-12,3.616e-19,1.797e-13,-0.5883,-8.586e-18,4.199e-13,-3.238e-13,-1.023e-17,-2.528e-16,-1.797e-13
catalytic rate constant geometric mean,-6.146e-10,-3.521e-10,2.766e-10,-2.588e-10,2.588e-10,-4.2e-11,4.2e-11,-2.979e-11,1.086e-10,6.109e-10,-6.109e-10,-5.69e-11,5.42e-11,-1.138e-10,-5.69e-11,1.926e-10,1.926e-10,-2.979e-11,1.926e-10,1.154e-22,3.178e-16,-4.697e-22,0,-2.116e-19,2.223e-18,2.274e-23,-5.073e-18,7.88e-16,9.794e-22,0.02078,-0.003197,-1.215e-15,-7.365e-23,-1.928e-22,0.003571,5.692e-19,-0.005626,-5.006e-15,0.003075,-1.311e-22,1.088e-20,-2.135e-22,4.27e-23,-1.724e-20,2.135e-22,-7.365e-23,1.987e-16,5.576e-15,-3.191e-20,0.003833,-0.005626,2.555e-16,-8.969e-16,7.365e-23,2.945e-22,-6.242e-16,2.716e-16,8.969e-16,-3.927e-15,7.365e-23,-1.576e-16,1.928e-22,7.966e-21,-4.241e-16,-1.987e-16,-2.945e-22,2.553e-19,1.576e-16
Michaelis constant,-7.366e-08,-4.246e-08,3.335e-08,-3.121e-08,3.121e-08,-5.064e-09,5.064e-09,-3.592e-09,1.31e-08,7.367e-08,-7.367e-08,-6.861e-09,6.536e-09,-1.372e-08,-6.861e-09,2.323e-08,2.322e-08,-3.592e-09,2.322e-08,1.392e-20,3.832e-14,-5.664e-20,0,-2.551e-17,2.68e-16,2.743e-21,-6.117e-16,9.501e-14,1.181e-19,-0.003197,2.627,-1.465e-13,-8.881e-21,-2.325e-20,0.43,6.864e-17,-0.6775,-6.036e-13,0.3702,-1.581e-20,1.311e-18,-2.574e-20,5.149e-21,-2.079e-18,2.574e-20,-8.881e-21,2.396e-14,6.723e-13,-3.848e-18,0.4615,-0.6775,3.081e-14,-1.082e-13,8.881e-21,3.551e-20,-7.526e-14,3.276e-14,1.082e-13,-4.736e-13,8.881e-21,-1.9e-14,2.325e-20,9.606e-19,-5.113e-14,-2.396e-14,-3.551e-20,3.078e-17,1.9e-14
Michaelis constant,-0.1156,-0.3266,0.07513,0.211,-0.211,0.006658,-0.006658,-0.03776,0.1018,0.1156,-0.1156,-0.01223,-0.05108,-0.02445,-0.01224,0.08844,0.08845,-0.03777,0.08844,-1.088e-13,-1.156e-06,-1.107e-11,0,-1.963e-10,3.743e-05,2.1e-14,-1.36e-08,-2.666e-07,3.202e-13,-1.215e-15,-1.465e-13,0.5925,6.941e-14,-6.304e-14,1.636e-13,9.586e-06,-2.578e-13,-0.0843,1.409e-13,-3.091e-12,1.004e-11,-6.978e-14,1.007e-12,-1.592e-11,6.978e-14,6.941e-14,-7.23e-07,0.0939,-2.947e-11,1.756e-13,-2.578e-13,3.24e-07,-8.32e-07,-6.941e-14,6.943e-12,-7.913e-07,3.444e-07,8.32e-07,-0.06614,-6.941e-14,5.331e-08,6.304e-14,7.356e-12,-1.137e-06,7.23e-07,-6.943e-12,6.843e-10,-5.331e-08
Michaelis constant,-7.009e-09,2.011e-08,-7.528e-08,-2.712e-08,2.712e-08,3.633e-08,-3.633e-08,-8.133e-08,7.003e-08,7.009e-09,-7.009e-09,-4.332e-09,1.857e-07,-8.665e-09,-4.331e-09,-2.619e-09,-2.624e-09,-8.132e-08,-2.622e-09,1.139,1.359e-12,2.016e-18,0,1.209e-17,-1.27e-16,-8.421e-21,8.726e-15,4.721e-13,-3.616e-19,-7.365e-23,-8.881e-21,6.941e-14,4.575,7.12e-20,9.921e-21,-3.252e-17,-1.563e-20,2.86e-13,8.543e-21,5.628e-19,-4.027e-18,7.881e-20,-1.833e-19,6.383e-18,-7.881e-20,-0.7265,8.495e-13,-3.185e-13,1.181e-17,1.065e-20,-1.563e-20,-3.086e-14,5.124e-14,0.7265,-1.264e-18,7.538e-14,-3.28e-14,-5.124e-14,2.244e-13,0.7265,-9.44e-14,-7.12e-20,-2.95e-18,7.294e-13,-8.495e-13,1.264e-18,-4.391e-16,9.44e-14
Michaelis constant,-1.835e-08,-1.827e-08,-5.522e-08,-8.173e-11,8.17e-11,-3.757e-08,3.757e-08,4.457e-08,-3.34e-08,1.835e-08,-1.835e-08,-1.529e-08,-5.24e-08,-3.058e-08,-1.529e-08,4.175e-08,4.175e-08,4.457e-08,4.175e-08,-1.116e-19,-1.02e-13,3.213e-18,0,-1.098e-17,1.153e-16,4.827e-21,-9.891e-16,1.769e-13,0.5883,-1.929e-22,-2.325e-20,-6.304e-14,7.12e-20,1.552,2.598e-20,2.954e-17,-4.093e-20,-2.598e-13,2.237e-20,8.968e-19,2.308e-18,-0.1282,-2.921e-19,-3.658e-18,0.1282,7.12e-20,-6.376e-14,2.893e-13,-6.771e-18,2.788e-20,-4.093e-20,-1.32e-14,-4.654e-14,-7.12e-20,-2.014e-18,3.224e-14,-1.403e-14,4.654e-14,-2.038e-13,-7.12e-20,-3.539e-14,0.1158,1.691e-18,-8.269e-14,6.376e-14,2.014e-18,4.978e-17,3.539e-14
Michaelis constant,8.229e-08,4.743e-08,-3.726e-08,3.486e-08,-3.486e-08,5.657e-09,-5.657e-09,4.012e-09,-1.463e-08,-8.229e-08,8.229e-08,7.664e-09,-7.301e-09,1.533e-08,7.664e-09,-2.594e-08,-2.594e-08,4.012e-09,-2.594e-08,-1.555e-20,-4.281e-14,6.327e-20,0,2.85e-17,-2.994e-16,-3.064e-21,6.833e-16,-1.061e-13,-1.319e-19,0.003571,0.43,1.636e-13,9.921e-21,2.598e-20,2.885,-7.667e-17,0.7568,6.743e-13,-0.4136,1.766e-20,-1.465e-18,2.875e-20,-5.752e-21,2.322e-18,-2.875e-20,9.921e-21,-2.677e-14,-7.51e-13,4.298e-18,-0.5155,0.7568,-3.442e-14,1.208e-13,-9.921e-21,-3.967e-20,8.407e-14,-3.659e-14,-1.208e-13,5.29e-13,-9.921e-21,2.122e-14,-2.598e-20,-1.073e-18,5.712e-14,2.677e-14,3.967e-20,-3.438e-17,-2.122e-14
Michaelis constant,5.417e-05,0.000153,-3.52e-05,-9.886e-05,9.886e-05,-3.12e-06,3.12e-06,1.769e-05,-4.768e-05,-5.417e-05,5.417e-05,5.732e-06,2.393e-05,1.146e-05,5.734e-06,-4.144e-05,-4.144e-05,1.77e-05,-4.144e-05,5.096e-17,5.418e-10,5.188e-15,0,9.196e-14,-1.754e-08,-9.841e-18,6.371e-12,1.249e-10,-1.5e-16,5.692e-19,6.864e-17,9.586e-06,-3.252e-17,2.954e-17,-7.667e-17,0.0002872,1.208e-16,3.95e-05,-6.602e-17,1.448e-15,-4.705e-15,3.269e-17,-4.717e-16,7.459e-15,-3.269e-17,-3.252e-17,3.388e-10,-4.4e-05,1.381e-14,-8.23e-17,1.208e-16,-1.518e-10,3.898e-10,3.252e-17,-3.253e-15,3.708e-10,-1.614e-10,-3.898e-10,3.099e-05,3.252e-17,-2.498e-11,-2.954e-17,-3.447e-15,5.326e-10,-3.388e-10,3.253e-15,-3.206e-13,2.498e-11
Michaelis constant,-1.297e-07,-7.473e-08,5.87e-08,-5.493e-08,5.493e-08,-8.913e-09,8.913e-09,-6.322e-09,2.305e-08,1.297e-07,-1.297e-07,-1.208e-08,1.15e-08,-2.415e-08,-1.208e-08,4.088e-08,4.088e-08,-6.322e-09,4.088e-08,2.45e-20,6.745e-14,-9.968e-20,0,-4.491e-17,4.717e-16,4.827e-21,-1.077e-15,1.672e-13,2.079e-19,-0.005626,-0.6775,-2.578e-13,-1.563e-20,-4.093e-20,0.7568,1.208e-16,4.109,-1.062e-12,0.6516,-2.783e-20,2.308e-18,-4.53e-20,9.063e-21,-3.659e-18,4.53e-20,-1.563e-20,4.217e-14,1.183e-12,-6.772e-18,0.8123,-1.192,5.423e-14,-1.904e-13,1.563e-20,6.25e-20,-1.325e-13,5.765e-14,1.904e-13,-8.335e-13,1.563e-20,-3.344e-14,4.093e-20,1.691e-18,-9e-14,-4.217e-14,-6.25e-20,5.418e-17,3.344e-14
Michaelis constant,-0.4764,-1.346,0.3095,0.8694,-0.8694,0.02743,-0.02743,-0.1556,0.4193,0.4764,-0.4764,-0.05041,-0.2105,-0.1008,-0.05043,0.3644,0.3644,-0.1556,0.3644,-4.482e-13,-4.765e-06,-4.563e-11,0,-8.087e-10,0.0001542,8.654e-14,-5.603e-08,-1.098e-06,1.319e-12,-5.006e-15,-6.036e-13,-0.0843,2.86e-13,-2.598e-13,6.743e-13,3.95e-05,-1.062e-12,2.178,5.806e-13,-1.274e-11,4.138e-11,-2.875e-13,4.148e-12,-6.559e-11,2.875e-13,2.86e-13,-2.979e-06,0.3869,-1.214e-10,7.237e-13,-1.062e-12,1.335e-06,-3.428e-06,-2.86e-13,2.861e-11,-3.261e-06,1.419e-06,3.428e-06,-0.2725,-2.86e-13,2.197e-07,2.598e-13,3.031e-11,-4.684e-06,2.979e-06,-2.861e-11,2.819e-09,-2.197e-07
Michaelis constant,7.085e-08,4.084e-08,-3.208e-08,3.002e-08,-3.002e-08,4.871e-09,-4.871e-09,3.455e-09,-1.26e-08,-7.086e-08,7.086e-08,6.599e-09,-6.287e-09,1.32e-08,6.599e-09,-2.234e-08,-2.234e-08,3.455e-09,-2.234e-08,-1.339e-20,-3.686e-14,5.448e-20,0,2.454e-17,-2.578e-16,-2.638e-21,5.883e-16,-9.139e-14,-1.136e-19,0.003075,0.3702,1.409e-13,8.543e-21,2.237e-20,-0.4136,-6.602e-17,0.6516,5.806e-13,2.541,1.521e-20,-1.261e-18,2.476e-20,-4.953e-21,1.999e-18,-2.476e-20,8.543e-21,-2.305e-14,-6.467e-13,3.701e-18,-0.4439,0.6516,-2.964e-14,1.04e-13,-8.543e-21,-3.416e-20,7.239e-14,-3.151e-14,-1.04e-13,4.555e-13,-8.543e-21,1.828e-14,-2.237e-20,-9.24e-19,4.918e-14,2.305e-14,3.416e-20,-2.961e-17,-1.828e-14
Michaelis constant,-1.248e-08,-8.958e-07,1.729e-06,8.834e-07,-8.834e-07,-7.739e-07,7.739e-07,-1.962e-06,-1.366e-06,1.248e-08,-1.248e-08,1.297e-06,-4.142e-07,2.594e-06,1.297e-06,1.816e-07,1.817e-07,-1.962e-06,1.817e-07,-8.821e-19,-3.093e-11,-0.6485,0,-5.384e-16,5.655e-15,2.113e-19,-2.074e-13,-1.056e-11,-4.555e-18,-1.311e-22,-1.581e-20,-3.091e-12,5.628e-19,8.968e-19,1.766e-20,1.448e-15,-2.783e-20,-1.274e-11,1.521e-20,2.179,1.01e-16,9.926e-19,0.05896,-1.601e-16,-9.926e-19,5.628e-19,-1.934e-11,1.419e-11,-2.964e-16,1.896e-20,-2.783e-20,3.742e-12,-2.282e-12,-5.628e-19,0.4066,-9.139e-12,3.978e-12,2.282e-12,-9.993e-12,-5.628e-19,2.111e-12,-8.968e-19,7.4e-17,-1.734e-11,1.934e-11,-0.4066,1.044e-14,-2.111e-12
Michaelis constant,1.035e-06,2.91e-06,-6.462e-07,-1.876e-06,1.876e-06,-1.188e-06,1.188e-06,5.872e-07,5.768e-06,-1.035e-06,1.035e-06,-8.942e-07,2.963e-06,-1.789e-06,-8.941e-07,-3.022e-06,-3.022e-06,5.875e-07,-3.022e-06,6.31e-18,4.621e-11,3.619e-16,0,1.749e-15,-1.837e-14,-0.0004256,5.638e-13,1.464e-11,-1.172e-17,1.088e-20,1.311e-18,1.004e-11,-4.027e-18,2.308e-18,-1.465e-18,-4.705e-15,2.308e-18,4.138e-11,-1.261e-18,1.01e-16,1.07,2.554e-18,-3.29e-17,0.3226,-2.554e-18,-4.027e-18,2.889e-11,-4.609e-11,0.597,-1.572e-18,2.308e-18,-5.039e-12,7.414e-12,4.027e-18,-2.269e-16,1.231e-11,-5.356e-12,-7.414e-12,3.246e-11,4.027e-18,-2.928e-12,-2.308e-18,-0.149,4.713e-11,-2.889e-11,2.269e-16,-2.837e-14,2.928e-12
Michaelis constant,-2.031e-08,-2.022e-08,-6.112e-08,-9.046e-11,9.041e-11,-4.159e-08,4.159e-08,4.933e-08,-3.697e-08,2.031e-08,-2.031e-08,-1.692e-08,-5.8e-08,-3.385e-08,-1.692e-08,4.621e-08,4.621e-08,4.933e-08,4.621e-08,-1.235e-19,-1.129e-13,3.556e-18,0,-1.215e-17,1.277e-16,5.342e-21,-1.095e-15,1.959e-13,0.6511,-2.135e-22,-2.574e-20,-6.978e-14,7.881e-20,-0.1282,2.875e-20,3.269e-17,-4.53e-20,-2.875e-13,2.476e-20,9.926e-19,2.554e-18,1.705,-3.233e-19,-4.049e-18,0.1419,7.881e-20,-7.058e-14,3.203e-13,-7.495e-18,3.086e-20,-4.53e-20,-1.461e-14,-5.152e-14,-7.881e-20,-2.23e-18,3.568e-14,-1.553e-14,5.152e-14,-2.256e-13,-7.881e-20,-3.917e-14,0.1282,1.871e-18,-9.152e-14,7.058e-14,2.23e-18,5.51e-17,3.917e-14
Michaelis constant,4.064e-09,2.918e-07,-5.633e-07,-2.877e-07,2.877e-07,2.521e-07,-2.521e-07,6.39e-07,4.449e-07,-4.064e-09,4.064e-09,-4.224e-07,1.349e-07,-8.448e-07,-4.224e-07,-5.915e-08,-5.919e-08,6.391e-07,-5.917e-08,2.873e-19,1.007e-11,0.2112,0,1.753e-16,-1.842e-15,-6.882e-20,6.754e-14,3.438e-12,1.483e-18,4.27e-23,5.149e-21,1.007e-12,-1.833e-19,-2.921e-19,-5.752e-21,-4.717e-16,9.063e-21,4.148e-12,-4.953e-21,0.05896,-3.29e-17,-3.233e-19,0.7496,5.216e-17,3.233e-19,-1.833e-19,6.298e-12,-4.621e-12,9.654e-17,-6.174e-21,9.063e-21,-1.219e-12,7.433e-13,1.833e-19,-0.1324,2.977e-12,-1.296e-12,-7.433e-13,3.255e-12,1.833e-19,-6.875e-13,2.921e-19,-2.41e-17,5.646e-12,-6.298e-12,0.1324,-3.399e-15,6.875e-13
Michaelis constant,-1.641e-06,-4.614e-06,1.024e-06,2.973e-06,-2.973e-06,1.883e-06,-1.883e-06,-9.308e-07,-9.143e-06,1.641e-06,-1.641e-06,1.417e-06,-4.697e-06,2.835e-06,1.417e-06,4.791e-06,4.791e-06,-9.313e-07,4.791e-06,-1e-17,-7.326e-11,-5.737e-16,0,-2.773e-15,2.913e-14,0.0006746,-8.938e-13,-2.321e-11,1.858e-17,-1.724e-20,-2.079e-18,-1.592e-11,6.383e-18,-3.658e-18,2.322e-18,7.459e-15,-3.659e-18,-6.559e-11,1.999e-18,-1.601e-16,0.3226,-4.049e-18,5.216e-17,1.507,4.049e-18,6.383e-18,-4.58e-11,7.306e-11,-0.9464,2.492e-18,-3.659e-18,7.987e-12,-1.175e-11,-6.383e-18,3.597e-16,-1.951e-11,8.491e-12,1.175e-11,-5.146e-11,-6.383e-18,4.641e-12,3.658e-18,0.2363,-7.472e-11,4.58e-11,-3.597e-16,4.498e-14,-4.641e-12
Michaelis constant,2.031e-08,2.022e-08,6.112e-08,9.049e-11,-9.043e-11,4.159e-08,-4.159e-08,-4.933e-08,3.697e-08,-2.031e-08,2.031e-08,1.692e-08,5.8e-08,3.385e-08,1.692e-08,-4.621e-08,-4.621e-08,-4.933e-08,-4.621e-08,1.235e-19,1.129e-13,-3.556e-18,0,1.215e-17,-1.277e-16,-5.342e-21,1.095e-15,-1.959e-13,-0.6511,2.135e-22,2.574e-20,6.978e-14,-7.881e-20,0.1282,-2.875e-20,-3.269e-17,4.53e-20,2.875e-13,-2.476e-20,-9.926e-19,-2.554e-18,0.1419,3.233e-19,4.049e-18,1.705,-7.881e-20,7.058e-14,-3.203e-13,7.495e-18,-3.086e-20,4.53e-20,1.461e-14,5.152e-14,7.881e-20,2.23e-18,-3.568e-14,1.553e-14,-5.152e-14,2.256e-13,7.881e-20,3.917e-14,-0.1282,-1.871e-18,9.152e-14,-7.057e-14,-2.23e-18,-5.51e-17,-3.917e-14
Michaelis constant,-7.009e-09,2.011e-08,-7.528e-08,-2.712e-08,2.712e-08,3.633e-08,-3.633e-08,-8.133e-08,7.003e-08,7.009e-09,-7.009e-09,-4.332e-09,1.857e-07,-8.665e-09,-4.331e-09,-2.619e-09,-2.624e-09,-8.132e-08,-2.622e-09,1.139,1.359e-12,2.016e-18,0,1.209e-17,-1.27e-16,-8.421e-21,8.726e-15,4.721e-13,-3.616e-19,-7.365e-23,-8.881e-21,6.941e-14,-0.7265,7.12e-20,9.921e-21,-3.252e-17,-1.563e-20,2.86e-13,8.543e-21,5.628e-19,-4.027e-18,7.881e-20,-1.833e-19,6.383e-18,-7.881e-20,4.575,8.495e-13,-3.185e-13,1.181e-17,1.065e-20,-1.563e-20,-3.086e-14,5.124e-14,0.7265,-1.264e-18,7.538e-14,-3.28e-14,-5.124e-14,2.244e-13,0.7265,-9.44e-14,-7.12e-20,-2.95e-18,7.294e-13,-8.495e-13,1.264e-18,-4.391e-16,9.44e-14
Michaelis constant,0.01891,-0.2095,0.5136,0.2285,-0.2285,-0.2378,0.2378,-1.101,-0.4374,-0.01891,0.01891,0.2291,-0.6251,0.4582,0.2291,0.03811,0.03814,0.9337,0.03813,-1.331e-12,-1.378,-6.928e-11,0,-1.259e-10,1.323e-09,6.043e-14,-6.069e-08,-3.173e-06,3.238e-13,1.987e-16,2.396e-14,-7.23e-07,8.495e-13,-6.376e-14,-2.677e-14,3.388e-10,4.217e-14,-2.979e-06,-2.305e-14,-1.934e-11,2.889e-11,-7.057e-14,6.298e-12,-4.58e-11,7.057e-14,8.495e-13,4.44,3.318e-06,-8.478e-11,-2.873e-14,4.217e-14,7.16e-07,-5.338e-07,-8.495e-13,4.343e-11,-1.749e-06,7.611e-07,5.338e-07,-2.337e-06,-8.495e-13,6.345e-07,6.376e-14,2.117e-11,-5.073e-06,0.8615,-4.343e-11,3.054e-09,-6.345e-07
Michaelis constant,0.5306,1.499,-0.3448,-0.9683,0.9683,-0.03056,0.03056,0.1733,-0.467,-0.5306,0.5306,0.05615,0.2344,0.1122,0.05617,-0.4059,-0.4059,0.1733,-0.4059,4.992e-13,5.307e-06,5.082e-11,0,9.008e-10,-0.0001718,-9.639e-14,6.24e-08,1.223e-06,-1.469e-12,5.576e-15,6.723e-13,0.0939,-3.185e-13,2.893e-13,-7.51e-13,-4.4e-05,1.183e-12,0.3869,-6.467e-13,1.419e-11,-4.609e-11,3.203e-13,-4.621e-12,7.306e-11,-3.203e-13,-3.185e-13,3.318e-06,2.382,1.352e-10,-8.061e-13,1.183e-12,-1.487e-06,3.818e-06,3.185e-13,-3.186e-11,3.632e-06,-1.581e-06,-3.818e-06,0.3035,3.185e-13,-2.447e-07,-2.893e-13,-3.376e-11,5.217e-06,-3.318e-06,3.186e-11,-3.14e-09,2.447e-07
Michaelis constant,-3.037e-06,-8.54e-06,1.896e-06,5.503e-06,-5.503e-06,3.486e-06,-3.486e-06,-1.723e-06,-1.692e-05,3.037e-06,-3.037e-06,2.624e-06,-8.694e-06,5.248e-06,2.623e-06,8.868e-06,8.868e-06,-1.724e-06,8.868e-06,-1.852e-17,-1.356e-10,-1.062e-15,0,-5.132e-15,5.391e-14,0.001249,-1.654e-12,-4.296e-11,3.439e-17,-3.191e-20,-3.848e-18,-2.947e-11,1.181e-17,-6.771e-18,4.298e-18,1.381e-14,-6.772e-18,-1.214e-10,3.701e-18,-2.964e-16,0.597,-7.495e-18,9.654e-17,-0.9464,7.495e-18,1.181e-17,-8.478e-11,1.352e-10,1.983,4.613e-18,-6.772e-18,1.478e-11,-2.175e-11,-1.181e-17,6.658e-16,-3.611e-11,1.572e-11,2.175e-11,-9.525e-11,-1.181e-17,8.591e-12,6.771e-18,0.4373,-1.383e-10,8.478e-11,-6.658e-16,8.325e-14,-8.591e-12
Michaelis constant,8.832e-08,5.091e-08,-3.999e-08,3.742e-08,-3.742e-08,6.072e-09,-6.072e-09,4.307e-09,-1.57e-08,-8.833e-08,8.833e-08,8.226e-09,-7.837e-09,1.645e-08,8.227e-09,-2.785e-08,-2.785e-08,4.307e-09,-2.785e-08,-1.669e-20,-4.595e-14,6.791e-20,0,3.059e-17,-3.214e-16,-3.288e-21,7.334e-16,-1.139e-13,-1.416e-19,0.003833,0.4615,1.756e-13,1.065e-20,2.788e-20,-0.5155,-8.23e-17,0.8123,7.237e-13,-0.4439,1.896e-20,-1.572e-18,3.086e-20,-6.174e-21,2.492e-18,-3.086e-20,1.065e-20,-2.873e-14,-8.061e-13,4.613e-18,3.058,0.8123,-3.694e-14,1.297e-13,-1.065e-20,-4.258e-20,9.024e-14,-3.927e-14,-1.297e-13,5.678e-13,-1.065e-20,2.278e-14,-2.788e-20,-1.152e-18,6.131e-14,2.873e-14,4.258e-20,-3.691e-17,-2.278e-14
Michaelis constant,-1.297e-07,-7.473e-08,5.87e-08,-5.493e-08,5.493e-08,-8.913e-09,8.913e-09,-6.322e-09,2.305e-08,1.297e-07,-1.297e-07,-1.208e-08,1.15e-08,-2.415e-08,-1.208e-08,4.088e-08,4.088e-08,-6.322e-09,4.088e-08,2.45e-20,6.745e-14,-9.968e-20,0,-4.491e-17,4.717e-16,4.827e-21,-1.077e-15,1.672e-13,2.079e-19,-0.005626,-0.6775,-2.578e-13,-1.563e-20,-4.093e-20,0.7568,1.208e-16,-1.192,-1.062e-12,0.6516,-2.783e-20,2.308e-18,-4.53e-20,9.063e-21,-3.659e-18,4.53e-20,-1.563e-20,4.217e-14,1.183e-12,-6.772e-18,0.8123,4.109,5.423e-14,-1.904e-13,1.563e-20,6.25e-20,-1.325e-13,5.765e-14,1.904e-13,-8.335e-13,1.563e-20,-3.344e-14,4.093e-20,1.691e-18,-9e-14,-4.217e-14,-6.25e-20,5.418e-17,3.344e-14
Michaelis constant,0.02432,0.09389,-0.0662,-0.06958,0.06958,0.02128,-0.02128,0.06527,0.01891,-0.02432,0.02432,-0.2141,0.02271,0.1078,-0.2141,-0.02364,-0.02364,0.06528,-0.02364,4.836e-14,1.145e-06,1.34e-11,0,5.643e-11,-5.927e-10,-1.054e-14,8.889e-09,3.643e-07,6.703e-14,2.555e-16,3.081e-14,3.24e-07,-3.086e-14,-1.32e-14,-3.442e-14,-1.518e-10,5.423e-14,1.335e-06,-2.964e-14,3.742e-12,-5.039e-12,-1.461e-14,-1.219e-12,7.987e-12,1.461e-14,-3.086e-14,7.16e-07,-1.487e-06,1.478e-11,-3.694e-14,5.423e-14,2.089,2.392e-07,3.086e-14,-8.404e-12,0.1985,-0.0864,-2.392e-07,1.047e-06,3.086e-14,-7.285e-08,1.32e-14,-3.691e-12,7.431e-07,-7.16e-07,8.404e-12,-4.473e-10,7.285e-08
Michaelis constant,-0.08536,-0.2411,0.05546,0.1558,-0.1558,0.004916,-0.004916,-0.02788,0.07513,0.08536,-0.08536,-0.6459,-0.03771,-0.01805,0.6278,0.0653,0.0653,-0.02789,0.0653,-8.03e-14,-8.537e-07,-8.175e-12,0,-1.17e-05,1.522e-09,1.551e-14,-1.004e-08,-1.968e-07,2.364e-13,-8.969e-16,-1.082e-13,-8.32e-07,5.124e-14,-4.654e-14,1.208e-13,3.898e-10,-1.904e-13,-3.428e-06,1.04e-13,-2.282e-12,7.414e-12,-5.152e-14,7.433e-13,-1.175e-11,5.152e-14,5.124e-14,-5.338e-07,3.818e-06,-2.175e-11,1.297e-13,-1.904e-13,2.392e-07,0.5634,-5.124e-14,5.126e-12,-5.842e-07,2.543e-07,0.04959,-2.69e-06,-5.124e-14,3.936e-08,4.654e-14,5.431e-12,-8.392e-07,5.338e-07,-5.126e-12,5.052e-10,-3.936e-08
Michaelis constant,7.009e-09,-2.011e-08,7.528e-08,2.712e-08,-2.712e-08,-3.633e-08,3.633e-08,8.133e-08,-7.003e-08,-7.009e-09,7.009e-09,4.332e-09,-1.857e-07,8.665e-09,4.331e-09,2.619e-09,2.624e-09,8.132e-08,2.622e-09,-1.139,-1.359e-12,-2.016e-18,0,-1.209e-17,1.27e-16,8.421e-21,-8.726e-15,-4.721e-13,3.616e-19,7.365e-23,8.881e-21,-6.941e-14,0.7265,-7.12e-20,-9.921e-21,3.252e-17,1.563e-20,-2.86e-13,-8.543e-21,-5.628e-19,4.027e-18,-7.881e-20,1.833e-19,-6.383e-18,7.881e-20,0.7265,-8.495e-13,3.185e-13,-1.181e-17,-1.065e-20,1.563e-20,3.086e-14,-5.124e-14,4.575,1.264e-18,-7.538e-14,3.28e-14,5.124e-14,-2.244e-13,-0.7265,9.44e-14,7.12e-20,2.95e-18,-7.294e-13,8.495e-13,-1.264e-18,4.391e-16,-9.44e-14
Michaelis constant,2.802e-08,2.012e-06,-3.884e-06,-1.984e-06,1.984e-06,1.738e-06,-1.738e-06,4.407e-06,3.068e-06,-2.802e-08,2.802e-08,-2.913e-06,9.304e-07,-5.826e-06,-2.913e-06,-4.079e-07,-4.082e-07,4.407e-06,-4.081e-07,1.981e-18,6.947e-11,1.457,0,1.209e-15,-1.27e-14,-4.746e-19,4.658e-13,2.371e-11,1.023e-17,2.945e-22,3.551e-20,6.943e-12,-1.264e-18,-2.014e-18,-3.967e-20,-3.253e-15,6.25e-20,2.861e-11,-3.416e-20,0.4066,-2.269e-16,-2.23e-18,-0.1324,3.597e-16,2.23e-18,-1.264e-18,4.343e-11,-3.186e-11,6.658e-16,-4.258e-20,6.25e-20,-8.404e-12,5.126e-12,1.264e-18,4.389,2.053e-11,-8.934e-12,-5.126e-12,2.244e-11,1.264e-18,-4.741e-12,2.014e-18,-1.662e-16,3.894e-11,-4.343e-11,0.9133,-2.344e-14,4.741e-12
Michaelis constant,-0.0594,-0.2293,0.1617,0.1699,-0.1699,-0.05198,0.05198,-0.1594,-0.0462,0.0594,-0.0594,0.5231,-0.05547,-0.2634,0.5231,0.05774,0.05775,-0.1594,0.05775,-1.181e-13,-2.797e-06,-3.274e-11,0,-1.378e-10,1.448e-09,2.574e-14,-2.171e-08,-8.898e-07,-1.637e-13,-6.242e-16,-7.526e-14,-7.913e-07,7.538e-14,3.224e-14,8.407e-14,3.708e-10,-1.325e-13,-3.261e-06,7.239e-14,-9.139e-12,1.231e-11,3.568e-14,2.977e-12,-1.951e-11,-3.568e-14,7.538e-14,-1.749e-06,3.632e-06,-3.611e-11,9.024e-14,-1.325e-13,0.1985,-5.842e-07,-7.538e-14,2.053e-11,4.817,0.211,5.842e-07,-2.558e-06,-7.538e-14,1.779e-07,-3.224e-14,9.015e-12,-1.815e-06,1.749e-06,-2.053e-11,1.093e-09,-1.779e-07
Michaelis constant,0.02585,0.09981,-0.07037,-0.07396,0.07396,0.02262,-0.02262,0.06938,0.02011,-0.02585,0.02585,-0.2276,0.02414,0.1146,-0.2276,-0.02513,-0.02514,0.06939,-0.02513,5.141e-14,1.217e-06,1.425e-11,0,5.998e-11,-6.301e-10,-1.12e-14,9.449e-09,3.873e-07,7.125e-14,2.716e-16,3.276e-14,3.444e-07,-3.28e-14,-1.403e-14,-3.659e-14,-1.614e-10,5.765e-14,1.419e-06,-3.151e-14,3.978e-12,-5.356e-12,-1.553e-14,-1.296e-12,8.491e-12,1.553e-14,-3.28e-14,7.611e-07,-1.581e-06,1.572e-11,-3.927e-14,5.765e-14,-0.0864,2.543e-07,3.28e-14,-8.934e-12,0.211,2.216,-2.543e-07,1.113e-06,3.28e-14,-7.744e-08,1.403e-14,-3.924e-12,7.899e-07,-7.611e-07,8.934e-12,-4.755e-10,7.744e-08
Michaelis constant,0.08536,0.2411,-0.05546,-0.1558,0.1558,-0.004916,0.004916,0.02788,-0.07513,-0.08536,0.08536,0.6459,0.03771,0.01805,-0.6278,-0.0653,-0.0653,0.02789,-0.0653,8.03e-14,8.537e-07,8.175e-12,0,1.17e-05,-1.522e-09,-1.551e-14,1.004e-08,1.968e-07,-2.364e-13,8.969e-16,1.082e-13,8.32e-07,-5.124e-14,4.654e-14,-1.208e-13,-3.898e-10,1.904e-13,3.428e-06,-1.04e-13,2.282e-12,-7.414e-12,5.152e-14,-7.433e-13,1.175e-11,-5.152e-14,-5.124e-14,5.338e-07,-3.818e-06,2.175e-11,-1.297e-13,1.904e-13,-2.392e-07,0.04959,5.124e-14,-5.126e-12,5.842e-07,-2.543e-07,0.5634,2.69e-06,5.124e-14,-3.936e-08,-4.654e-14,-5.431e-12,8.392e-07,-5.338e-07,5.126e-12,-5.052e-10,3.936e-08
Michaelis constant,-0.3738,-1.056,0.2429,0.6821,-0.6821,0.02152,-0.02152,-0.1221,0.329,0.3738,-0.3738,-0.03955,-0.1651,-0.07905,-0.03956,0.2859,0.2859,-0.1221,0.2859,-3.516e-13,-3.738e-06,-3.58e-11,0,-6.345e-10,0.000121,6.79e-14,-4.396e-08,-8.618e-07,1.035e-12,-3.927e-15,-4.736e-13,-0.06614,2.244e-13,-2.038e-13,5.29e-13,3.099e-05,-8.335e-13,-0.2725,4.555e-13,-9.993e-12,3.246e-11,-2.256e-13,3.255e-12,-5.146e-11,2.256e-13,2.244e-13,-2.337e-06,0.3035,-9.525e-11,5.678e-13,-8.335e-13,1.047e-06,-2.69e-06,-2.244e-13,2.244e-11,-2.558e-06,1.113e-06,2.69e-06,1.768,-2.244e-13,1.723e-07,2.038e-13,2.378e-11,-3.675e-06,2.337e-06,-2.244e-11,2.212e-09,-1.723e-07
Michaelis constant,7.009e-09,-2.011e-08,7.528e-08,2.712e-08,-2.712e-08,-3.633e-08,3.633e-08,8.133e-08,-7.003e-08,-7.009e-09,7.009e-09,4.332e-09,-1.857e-07,8.665e-09,4.331e-09,2.619e-09,2.624e-09,8.132e-08,2.622e-09,-1.139,-1.359e-12,-2.016e-18,0,-1.209e-17,1.27e-16,8.421e-21,-8.726e-15,-4.721e-13,3.616e-19,7.365e-23,8.881e-21,-6.941e-14,0.7265,-7.12e-20,-9.921e-21,3.252e-17,1.563e-20,-2.86e-13,-8.543e-21,-5.628e-19,4.027e-18,-7.881e-20,1.833e-19,-6.383e-18,7.881e-20,0.7265,-8.495e-13,3.185e-13,-1.181e-17,-1.065e-20,1.563e-20,3.086e-14,-5.124e-14,-0.7265,1.264e-18,-7.538e-14,3.28e-14,5.124e-14,-2.244e-13,4.575,9.44e-14,7.12e-20,2.95e-18,-7.294e-13,8.495e-13,-1.264e-18,4.391e-16,-9.44e-14
Michaelis constant,-0.015,0.01545,-0.1059,-0.03045,0.03045,-0.03049,0.03049,0.008488,0.0501,0.015,-0.015,-0.02624,0.06947,-0.05249,-0.02624,-0.1669,0.1111,0.008496,0.1111,1.479e-13,1.015e-06,7.562e-12,0,9.285e-12,-9.754e-11,-6.124e-15,1.761e-08,0.6598,1.797e-13,-1.576e-16,-1.9e-14,5.331e-08,-9.44e-14,-3.539e-14,2.122e-14,-2.498e-11,-3.344e-14,2.197e-07,1.828e-14,2.111e-12,-2.928e-12,-3.917e-14,-6.875e-13,4.641e-12,3.917e-14,-9.44e-14,6.345e-07,-2.447e-07,8.591e-12,2.278e-14,-3.344e-14,-7.285e-08,3.936e-08,9.44e-14,-4.741e-12,1.779e-07,-7.744e-08,-3.936e-08,1.723e-07,9.44e-14,1.564,3.539e-14,-2.145e-12,1.472e-06,-6.345e-07,4.741e-12,-8.862e-10,0.132
Michaelis constant,1.835e-08,1.827e-08,5.522e-08,8.168e-11,-8.17e-11,3.757e-08,-3.757e-08,-4.457e-08,3.34e-08,-1.835e-08,1.835e-08,1.529e-08,5.24e-08,3.058e-08,1.529e-08,-4.175e-08,-4.175e-08,-4.457e-08,-4.175e-08,1.116e-19,1.02e-13,-3.213e-18,0,1.098e-17,-1.153e-16,-4.827e-21,9.891e-16,-1.77e-13,-0.5883,1.928e-22,2.325e-20,6.304e-14,-7.12e-20,0.1158,-2.598e-20,-2.954e-17,4.093e-20,2.598e-13,-2.237e-20,-8.968e-19,-2.308e-18,0.1282,2.921e-19,3.658e-18,-0.1282,-7.12e-20,6.376e-14,-2.893e-13,6.771e-18,-2.788e-20,4.093e-20,1.32e-14,4.654e-14,7.12e-20,2.014e-18,-3.223e-14,1.403e-14,-4.654e-14,2.038e-13,7.12e-20,3.539e-14,1.552,-1.691e-18,8.268e-14,-6.376e-14,-2.014e-18,-4.978e-17,-3.539e-14
Michaelis constant,7.581e-07,2.132e-06,-4.733e-07,-1.374e-06,1.374e-06,-8.703e-07,8.703e-07,4.301e-07,4.225e-06,-7.581e-07,7.581e-07,-6.55e-07,2.171e-06,-1.31e-06,-6.55e-07,-2.214e-06,-2.214e-06,4.304e-07,-2.214e-06,4.622e-18,3.385e-11,2.651e-16,0,1.281e-15,-1.346e-14,-0.0003117,4.13e-13,1.072e-11,-8.586e-18,7.966e-21,9.606e-19,7.356e-12,-2.95e-18,1.691e-18,-1.073e-18,-3.447e-15,1.691e-18,3.031e-11,-9.24e-19,7.4e-17,-0.149,1.871e-18,-2.41e-17,0.2363,-1.871e-18,-2.95e-18,2.117e-11,-3.376e-11,0.4373,-1.152e-18,1.691e-18,-3.691e-12,5.431e-12,2.95e-18,-1.662e-16,9.015e-12,-3.924e-12,-5.431e-12,2.378e-11,2.95e-18,-2.145e-12,-1.691e-18,0.8233,3.453e-11,-2.117e-11,1.662e-16,-2.078e-14,2.145e-12
Michaelis constant,-0.04036,-0.3294,0.4571,0.2891,-0.2891,0.2251,-0.2251,-0.08659,-0.7259,0.04036,-0.04036,0.1818,-0.5368,0.3636,0.1818,0.9073,-1.176,-0.08665,0.9074,-1.143e-12,-8.115e-06,-6.21e-11,0,-1.98e-10,2.08e-09,9.858e-14,-0.001718,-7.361e-06,4.2e-13,-4.241e-16,-5.113e-14,-1.137e-06,7.294e-13,-8.269e-14,5.712e-14,5.326e-10,-9e-14,-4.684e-06,4.918e-14,-1.734e-11,4.713e-11,-9.153e-14,5.646e-12,-7.472e-11,9.153e-14,7.294e-13,-5.073e-06,5.217e-06,-1.383e-10,6.131e-14,-9e-14,7.431e-07,-8.392e-07,-7.294e-13,3.894e-11,-1.815e-06,7.899e-07,8.392e-07,-3.675e-06,-7.294e-13,1.472e-06,8.269e-14,3.453e-11,0.8442,5.073e-06,-3.894e-11,8.647e-05,-1.472e-06
Michaelis constant,-0.01891,0.2095,-0.5136,-0.2285,0.2285,0.2378,-0.2378,1.101,0.4374,0.01891,-0.01891,-0.2291,0.6251,-0.4582,-0.2291,-0.03811,-0.03814,-0.9337,-0.03813,1.331e-12,1.378,6.928e-11,0,1.259e-10,-1.323e-09,-6.043e-14,6.069e-08,3.173e-06,-3.238e-13,-1.987e-16,-2.396e-14,7.23e-07,-8.495e-13,6.376e-14,2.677e-14,-3.388e-10,-4.217e-14,2.979e-06,2.305e-14,1.934e-11,-2.889e-11,7.057e-14,-6.298e-12,4.58e-11,-7.057e-14,-8.495e-13,0.8615,-3.318e-06,8.478e-11,2.873e-14,-4.217e-14,-7.16e-07,5.338e-07,8.495e-13,-4.343e-11,1.749e-06,-7.611e-07,-5.338e-07,2.337e-06,8.495e-13,-6.345e-07,-6.376e-14,-2.117e-11,5.073e-06,4.44,4.343e-11,-3.054e-09,6.345e-07
Michaelis constant,-2.802e-08,-2.012e-06,3.884e-06,1.984e-06,-1.984e-06,-1.738e-06,1.738e-06,-4.407e-06,-3.068e-06,2.802e-08,-2.803e-08,2.913e-06,-9.304e-07,5.826e-06,2.913e-06,4.079e-07,4.082e-07,-4.407e-06,4.081e-07,-1.981e-18,-6.947e-11,-1.457,0,-1.209e-15,1.27e-14,4.746e-19,-4.658e-13,-2.371e-11,-1.023e-17,-2.945e-22,-3.551e-20,-6.943e-12,1.264e-18,2.014e-18,3.967e-20,3.253e-15,-6.25e-20,-2.861e-11,3.416e-20,-0.4066,2.269e-16,2.23e-18,0.1324,-3.597e-16,-2.23e-18,1.264e-18,-4.343e-11,3.186e-11,-6.658e-16,4.258e-20,-6.25e-20,8.404e-12,-5.126e-12,-1.264e-18,0.9133,-2.053e-11,8.934e-12,5.126e-12,-2.244e-11,-1.264e-18,4.741e-12,-2.014e-18,1.662e-16,-3.894e-11,4.343e-11,4.389,2.344e-14,-4.741e-12
Michaelis constant,2.429e-05,0.0001983,-0.0002752,-0.000174,0.000174,-0.0001355,0.0001355,5.212e-05,0.000437,-2.429e-05,2.429e-05,-0.0001094,0.0003232,-0.0002189,-0.0001094,-0.0005462,0.000708,5.216e-05,-0.0005462,6.882e-16,4.885e-09,3.739e-14,0,1.192e-13,-1.252e-12,-5.934e-17,1.034e-06,4.431e-09,-2.528e-16,2.553e-19,3.078e-17,6.843e-10,-4.391e-16,4.978e-17,-3.438e-17,-3.206e-13,5.418e-17,2.819e-09,-2.961e-17,1.044e-14,-2.837e-14,5.51e-17,-3.399e-15,4.498e-14,-5.51e-17,-4.391e-16,3.054e-09,-3.14e-09,8.325e-14,-3.691e-17,5.418e-17,-4.473e-10,5.052e-10,4.391e-16,-2.344e-14,1.093e-09,-4.755e-10,-5.052e-10,2.212e-09,4.391e-16,-8.862e-10,-4.978e-17,-2.078e-14,8.647e-05,-3.054e-09,2.344e-14,0.0005946,8.862e-10
Michaelis constant,0.015,-0.01545,0.1059,0.03045,-0.03045,0.03049,-0.03049,-0.008488,-0.0501,-0.015,0.015,0.02624,-0.06947,0.05249,0.02624,0.1669,-0.1111,-0.008496,-0.1111,-1.479e-13,-1.015e-06,-7.562e-12,0,-9.285e-12,9.754e-11,6.124e-15,-1.761e-08,-0.6598,-1.797e-13,1.576e-16,1.9e-14,-5.331e-08,9.44e-14,3.539e-14,-2.122e-14,2.498e-11,3.344e-14,-2.197e-07,-1.828e-14,-2.111e-12,2.928e-12,3.917e-14,6.875e-13,-4.641e-12,-3.917e-14,9.44e-14,-6.345e-07,2.447e-07,-8.591e-12,-2.278e-14,3.344e-14,7.285e-08,-3.936e-08,-9.44e-14,4.741e-12,-1.779e-07,7.744e-08,3.936e-08,-1.723e-07,-9.44e-14,0.132,-3.539e-14,2.145e-12,-1.472e-06,6.345e-07,-4.741e-12,8.862e-10,1.564
