,Value
standard chemical potential,-11.94
standard chemical potential,1.717
standard chemical potential,-27.6
standard chemical potential,-13.65
standard chemical potential,13.65
standard chemical potential,-7.649
standard chemical potential,7.648
standard chemical potential,3.227
standard chemical potential,20.31
standard chemical potential,11.94
standard chemical potential,-11.94
standard chemical potential,-5.291
standard chemical potential,20.86
standard chemical potential,-24.86
standard chemical potential,-9.396
standard chemical potential,-0.946
standard chemical potential,16.92
standard chemical potential,8.973
standard chemical potential,1.529
catalytic rate constant geometric mean,-1.391
catalytic rate constant geometric mean,4.958
catalytic rate constant geometric mean,1.955
catalytic rate constant geometric mean,2.303
catalytic rate constant geometric mean,6.967
catalytic rate constant geometric mean,5.145
catalytic rate constant geometric mean,5.465
catalytic rate constant geometric mean,4.779
catalytic rate constant geometric mean,4.571
catalytic rate constant geometric mean,-2.11
catalytic rate constant geometric mean,3.944
Michaelis constant,-3.059
Michaelis constant,-0.0448
Michaelis constant,0.1095
Michaelis constant,-1.344
Michaelis constant,-6.235
Michaelis constant,4.077
Michaelis constant,-0.08333
Michaelis constant,-1.445
Michaelis constant,-5.368
Michaelis constant,-3.635
Michaelis constant,-0.9882
Michaelis constant,-1.502
Michaelis constant,-0.7971
Michaelis constant,-4.085
Michaelis constant,-3.755
Michaelis constant,0.1095
Michaelis constant,-1.274
Michaelis constant,-6.458
Michaelis constant,-7.584
Michaelis constant,-6.692
Michaelis constant,-0.08333
Michaelis constant,-3.105
Michaelis constant,0.04445
Michaelis constant,-4.715
Michaelis constant,-1.735
Michaelis constant,-2.303
Michaelis constant,-3.305
Michaelis constant,-1.19
Michaelis constant,-1.122
Michaelis constant,-4.715
Michaelis constant,-2.619
Michaelis constant,-3.379
Michaelis constant,-0.6211
Michaelis constant,0.4893
Michaelis constant,-3.331
Michaelis constant,-2.871
Michaelis constant,3.712
Michaelis constant,-2.189
