standard chemical potential,-1.3883801074143776e-05
standard chemical potential.1,1.5705492160122958e-06
standard chemical potential.2,-10.58061161174669
standard chemical potential.3,-8.08095692608208
standard chemical potential.4,8.080956925651122
standard chemical potential.5,-0.0007058518863374275
standard chemical potential.6,0.0007058518891511767
standard chemical potential.7,6.1142430923620665
standard chemical potential.8,2.468764281414863
standard chemical potential.9,1.3883801159408904e-05
standard chemical potential.10,-1.3883801130987194e-05
standard chemical potential.11,1.545053987652107
standard chemical potential.12,2.317805622946935
standard chemical potential.13,-1.878252405163039e-06
standard chemical potential.14,-4.885500067254679
standard chemical potential.15,-4.044535663461275
standard chemical potential.16,0.6741637974833736
standard chemical potential.17,2.740057053291551
standard chemical potential.18,-1.6851932651976256
catalytic rate constant geometric mean,2.0314715825068443
catalytic rate constant geometric mean.1,1.9622489061993225
catalytic rate constant geometric mean.2,2.0315146215231157
catalytic rate constant geometric mean.3,1.1016169354643992
catalytic rate constant geometric mean.4,1.6539792693395845
catalytic rate constant geometric mean.5,2.3272982673903777
catalytic rate constant geometric mean.6,2.148403637164646
catalytic rate constant geometric mean.7,2.065083575355692
catalytic rate constant geometric mean.8,2.0650839318510106
catalytic rate constant geometric mean.9,1.643202831506457
catalytic rate constant geometric mean.10,1.7402234860593686
Michaelis constant,-3.45600043383475
Michaelis constant.1,-3.455999134898051
Michaelis constant.2,-3.456000096619097
Michaelis constant.3,-3.456000887160756
Michaelis constant.4,-3.4559995662818297
Michaelis constant.5,-3.4560008653605365
Michaelis constant.6,-3.4560004338347525
Michaelis constant.7,-3.4559991348980503
Michaelis constant.8,-3.4559995662818297
Michaelis constant.9,-3.4560000958994355
Michaelis constant.10,-3.456000991442643
Michaelis constant.11,-3.4560008871607586
Michaelis constant.12,-3.4559999040588485
Michaelis constant.13,-3.45599900882288
Michaelis constant.14,-3.455999113118
Michaelis constant.15,-3.4560000966190954
Michaelis constant.16,-3.455999218533886
Michaelis constant.17,-3.456000865360539
Michaelis constant.18,-3.455999008822878
Michaelis constant.19,-3.455999566281829
Michaelis constant.20,-3.4560004338347516
Michaelis constant.21,-3.456000701393947
Michaelis constant.22,-3.455999313113665
Michaelis constant.23,-3.455999903396977
Michaelis constant.24,-3.4559999040588503
Michaelis constant.25,-3.4559992988249792
Michaelis constant.26,-3.4560007013939495
Michaelis constant.27,-3.456000687143498
Michaelis constant.28,-3.4559991348980503
Michaelis constant.29,-3.455999903396976
Michaelis constant.30,-3.456000627777393
Michaelis constant.31,-3.455999113118003
Michaelis constant.32,-3.456000991442645
Michaelis constant.33,-3.4559993859571616
Michaelis constant.34,-3.4560007817189735
Michaelis constant.35,-3.4560000958994364
Michaelis constant.36,-3.4560006142269213
Michaelis constant.37,-3.4559993724099547
