constraint_1,2.5285131407538985
constraint_2,2.4948739403251445
constraint_3,2.5285382389138795
constraint_4,2.123927178675425
constraint_5,2.3522933798604138
constraint_6,2.680236805007881
constraint_7,2.5869898186536195
constraint_8,2.545150473153921
constraint_9,2.545150593481421
constraint_10,2.34751812265779
constraint_11,2.3909786379817626
constraint_12,0.9999998648336179
constraint_13,1.0000001477841525
constraint_14,0.999999595002669
constraint_15,0.9999999969823067
constraint_16,0.9999999511960116
constraint_17,0.99999997603144
constraint_18,0.9999998648336179
constraint_19,1.0000001477841527
constraint_20,0.9999999511960116
constraint_21,0.9999995569522161
constraint_22,0.9999998860252572
constraint_23,0.9999999969823062
constraint_24,0.9999995756417358
constraint_25,1.0000000845060428
constraint_26,1.000000173743845
constraint_27,0.9999995950026702
constraint_28,1.000000118019018
constraint_29,0.9999999760314394
constraint_30,1.0000000845060424
constraint_31,0.9999999511960118
constraint_32,0.9999998648336181
constraint_33,1.0000000123310528
constraint_34,1.0000001502309295
constraint_35,0.9999996154853098
constraint_36,0.9999995756417362
constraint_37,1.0000001519784831
constraint_38,1.0000000123310526
constraint_39,1.000000013801682
constraint_40,1.0000001477841525
constraint_41,0.9999996154853089
constraint_42,0.9999998485771282
constraint_43,1.000000173743845
constraint_44,0.9999998860252574
constraint_45,0.9999999746995613
constraint_46,0.9999999628980275
constraint_47,0.9999995569524485
constraint_48,0.9999998522464428
constraint_49,0.9999999737647614
constraint_50,1.0000000399966507
constraint_51,1.0000000399966507
constraint_52,1.0000000399966507
constraint_53,1.0000000399966507
constraint_54,1.0000000399966507
constraint_55,1.0000000399966507
constraint_56,1.0000000399966507
constraint_57,1.0000000399966507
constraint_58,1.0000000399966507
constraint_59,1.0000000399966507
constraint_60,1.0000000399966507
constraint_61,1.0000000399966507
constraint_62,1.0000000399966507
constraint_63,1.0000000399966507
constraint_64,1.0000000399966507
constraint_65,1.0000000399966507
constraint_66,1.0000000399966507
constraint_67,1.0000000399966507
constraint_68,1.0000000399966507
constraint_69,1.0000000400174671
constraint_70,1.0000000400174671
constraint_71,1.0000000400174671
constraint_72,1.0000000400174671
constraint_73,1.0000000400174671
constraint_74,1.0000000400174671
constraint_75,1.0000000400174671
constraint_76,1.0000000400174671
constraint_77,1.0000000400174671
constraint_78,1.0000000400174671
constraint_79,1.0000000400174671
constraint_80,1.3939202337001595
constraint_81,1.4298228492189042
constraint_82,1.3938656993561305
constraint_83,1.427886314442631
constraint_84,1.6191221785716305
constraint_85,1.7880569707240257
constraint_86,1.3424100257666705
constraint_87,1.3728826875586042
constraint_88,1.3728818444141127
constraint_89,1.626279873570808
constraint_90,1.5636342298584656
constraint_91,0.9999726050132056
constraint_92,0.9999985269485852
constraint_93,0.9999753020769611
constraint_94,0.9999999634610057
constraint_95,0.9999999654514876
constraint_96,0.9999985225018763
constraint_97,0.9999923326462894
constraint_98,0.9999887337267054
constraint_99,0.9999886948296248
constraint_100,0.9999993105983417
constraint_101,0.9999903839524058
constraint_102,1.5240120698461044
constraint_103,1.537776969914718
constraint_104,1.5240063168283244
constraint_105,1.2377066885196781
constraint_106,1.4622939573365505
constraint_107,1.6616713930234557
constraint_108,1.5705254694009068
constraint_109,1.5645850947414301
constraint_110,1.5645847561400192
constraint_111,1.4026363648956066
constraint_112,1.3990853938800232
constraint_113,0.9999774246773216
constraint_114,0.9999987170456299
constraint_115,0.9999787989111784
constraint_116,0.9999999645719982
constraint_117,0.9999999641025221
constraint_118,0.9999987330088004
constraint_119,0.9999939489465179
constraint_120,0.9999904279066567
constraint_121,0.999990405766343
constraint_122,0.9999994696000383
constraint_123,0.9999920398938522
constraint_124,0.9999999512136901
constraint_125,0.9999999760383615
constraint_126,0.9999996154824187
constraint_127,1.0000001737952473
constraint_128,0.9999998648398161
constraint_129,1.0000001478301854
constraint_130,0.9999999512136899
constraint_131,0.9999999760383617
constraint_132,0.9999998648398165
constraint_133,0.9999995756490628
constraint_134,1.0000000845538757
constraint_135,1.0000001737952477
constraint_136,0.9999995569372983
constraint_137,0.9999998860320912
constraint_138,0.9999999969877414
constraint_139,0.9999996154824197
constraint_140,0.9999999629041598
constraint_141,1.0000001478301854
constraint_142,0.9999998860320906
constraint_143,0.9999998648398163
constraint_144,0.9999999512136899
constraint_145,1.0000001520171502
constraint_146,1.0000000138071654
constraint_147,0.9999995950097483
constraint_148,0.9999995569372985
constraint_149,1.0000000123367259
constraint_150,1.00000015201715
constraint_151,1.000000150277602
constraint_152,0.9999999760383614
constraint_153,0.9999995950097479
constraint_154,0.9999999737962555
constraint_155,0.9999999969877413
constraint_156,1.0000000845538752
constraint_157,0.9999998522530388
constraint_158,1.000000118064244
constraint_159,0.9999995756490403
constraint_160,0.9999999747305183
constraint_161,0.9999998485837835
constraint_162,1.0000000400054858
constraint_163,1.0000000400054858
constraint_164,1.0000000400054858
constraint_165,1.0000000400054858
constraint_166,1.0000000400054858
constraint_167,1.0000000400054858
constraint_168,1.0000000400054858
constraint_169,1.0000000400054858
constraint_170,1.0000000400054858
constraint_171,1.0000000400054858
constraint_172,1.0000000400054858
constraint_173,1.0000000400054858
constraint_174,1.0000000400054858
constraint_175,1.0000000400054858
constraint_176,1.0000000400054858
constraint_177,1.0000000400054858
constraint_178,1.0000000400054858
constraint_179,1.0000000400054858
constraint_180,1.0000000400054858
constraint_181,1.0000000400244895
constraint_182,1.0000000400244895
constraint_183,1.0000000400244895
constraint_184,1.0000000400244895
constraint_185,1.0000000400244895
constraint_186,1.0000000400244895
constraint_187,1.0000000400244895
constraint_188,1.0000000400244895
constraint_189,1.0000000400244895
constraint_190,1.0000000400244895
constraint_191,1.0000000400244895
constraint_192,0.9999889432810014
constraint_193,0.9999990619184156
constraint_194,0.9999900334887266
constraint_195,0.9999999929911099
constraint_196,0.9999999994856975
constraint_197,0.999999536029131
constraint_198,0.9999970961204002
constraint_199,0.999995426820209
constraint_200,0.9999954021823991
constraint_201,0.9999995028209081
constraint_202,0.9999966627122918
constraint_203,1.8827595869535956
constraint_204,1.8594754321388938
constraint_205,1.882828475870794
constraint_206,1.5559956629078497
constraint_207,1.7428449147149814
constraint_208,1.9688506076849706
constraint_209,1.9125625946690614
constraint_210,1.900202960578659
constraint_211,1.90020394539797
constraint_212,1.738931301772175
constraint_213,1.7740377547480342
constraint_214,1.0051669420470846
constraint_215,1.0371048117348054
constraint_216,1.0051349934311893
constraint_217,1.1102579574209768
constraint_218,1.0936236813481275
constraint_219,1.0000333148848344
constraint_220,1.0002503837523977
constraint_221,1.0190767568358527
constraint_222,1.0190761516980842
constraint_223,1.052775023710317
constraint_224,1.016835919664792
constraint_225,1.0000002414617641
constraint_226,0.9999996040712531
constraint_227,1.2366529958392165
constraint_228,1.1758308905457293
constraint_229,0.9999995140169092
constraint_230,1.0000139011859557
constraint_231,0.9999992049313532
constraint_232,1.0527731042126507
constraint_233,0.9999985295109161
constraint_234,0.9999999521037516
constraint_235,1.0000002414617637
constraint_236,1.7045370390292205
constraint_237,0.9999790713660749
constraint_238,0.9999961124601312
constraint_239,1.8317888180959276
constraint_240,1.258870268094142
constraint_241,1.1990559449797222
constraint_242,1.0949011768146888
constraint_243,1.2227376990767032
constraint_244,13.647101721380855
constraint_245,13.526626769264048
constraint_246,13.647197980282554
constraint_247,12.197052682117736
constraint_248,13.015582778883212
constraint_249,14.191020623910276
constraint_250,13.856774693534614
constraint_251,13.706794312916124
constraint_252,13.706794642706907
constraint_253,12.998464617688796
constraint_254,13.154205535524607
constraint_255,9.982245362033646
constraint_256,9.982246769114662
constraint_257,9.982242306647883
constraint_258,9.982247177752408
constraint_259,9.982245275608207
constraint_260,9.982246941082138
constraint_261,9.982245362033641
constraint_262,9.982246769114658
constraint_263,9.98224527560821
constraint_264,9.982241917028754
constraint_265,9.982246189395282
constraint_266,9.982247177752408
constraint_267,9.982241898217085
constraint_268,9.982245990689364
constraint_269,9.982247000738457
constraint_270,9.982242306647896
constraint_271,9.982246563314254
constraint_272,9.982246941082135
constraint_273,9.982245990689359
constraint_274,9.982245275608213
constraint_275,9.982245362033643
constraint_276,9.982247127099306
constraint_277,9.982246987496588
constraint_278,9.982242286219995
constraint_279,9.982241898217088
constraint_280,9.982246987270704
constraint_281,9.982247127099306
constraint_282,9.982247124152009
constraint_283,9.982246769114658
constraint_284,9.982242286219988
constraint_285,9.982245413027394
constraint_286,9.982247000738456
constraint_287,9.98224618939528
constraint_288,9.982245312050004
constraint_289,9.982246718649916
constraint_290,9.982241917029675
constraint_291,9.982245434636889
constraint_292,9.982245287703368
constraint_293,9.98224663627907
constraint_294,9.98224663627907
constraint_295,9.98224663627907
constraint_296,9.98224663627907
constraint_297,9.98224663627907
constraint_298,9.98224663627907
constraint_299,9.98224663627907
constraint_300,9.98224663627907
constraint_301,9.98224663627907
constraint_302,9.98224663627907
constraint_303,9.98224663627907
constraint_304,9.98224663627907
constraint_305,9.98224663627907
constraint_306,9.98224663627907
constraint_307,9.98224663627907
constraint_308,9.98224663627907
constraint_309,9.98224663627907
constraint_310,9.98224663627907
constraint_311,9.98224663627907
constraint_312,16.34149026693814
constraint_313,16.34149026693814
constraint_314,16.34149026693814
constraint_315,16.34149026693814
constraint_316,16.34149026693814
constraint_317,16.34149026693814
constraint_318,16.34149026693814
constraint_319,16.34149026693814
constraint_320,16.34149026693814
constraint_321,16.34149026693814
constraint_322,16.34149026693814
constraint_323,0.9999999521037514
constraint_324,0.9999996345843364
constraint_325,0.9999981163134233
constraint_326,0.9999995140170066
constraint_327,1.1758308905478294
constraint_328,0.9999992049314204
constraint_329,1.0000139011915672
constraint_330,1.1899112666631917
constraint_331,1.0506294640380152
constraint_332,1.0000002414617628
constraint_333,0.999999952103751
constraint_334,1.7580356507950627
constraint_335,1.0474620500360476
constraint_336,0.999996077368242
constraint_337,1.6611415746655955
constraint_338,1.160992919557662
constraint_339,1.2153370272067985
constraint_340,1.1566085409344586
constraint_341,1.1822092023100994
constraint_342,14.213068554428228
constraint_343,14.068104042980513
constraint_344,14.213181315612092
constraint_345,12.468775531442652
constraint_346,13.4533737466828
constraint_347,14.867293928136153
constraint_348,14.465244790082734
constraint_349,14.284843279350573
constraint_350,14.284843724823798
constraint_351,13.432783643328404
constraint_352,13.620138545609342
constraint_353,9.315321369414715
constraint_354,9.315322931990261
constraint_355,9.315318581861257
constraint_356,9.315322976411561
constraint_357,9.31532145572938
constraint_358,9.315322760400162
constraint_359,9.315321369414713
constraint_360,9.315322931990265
constraint_361,9.315321455729382
constraint_362,9.315318219996321
constraint_363,9.315322033097322
constraint_364,9.315322976411561
constraint_365,9.315318238593354
constraint_366,9.315322231407645
constraint_367,9.31532315298198
constraint_368,9.31531858186127
constraint_369,9.315322723864224
constraint_370,9.31532276040016
constraint_371,9.31532223140764
constraint_372,9.315321455729379
constraint_373,9.315321369414715
constraint_374,9.315322965029244
constraint_375,9.3153231016398
constraint_376,9.315318602385355
constraint_377,9.315318238593358
constraint_378,9.315323104539495
constraint_379,9.315322965029242
constraint_380,9.315322965381801
constraint_381,9.315322931990265
constraint_382,9.315318602385348
constraint_383,9.315321379459904
constraint_384,9.315323152981982
constraint_385,9.315322033097319
constraint_386,9.315321524621169
constraint_387,9.315322568905772
constraint_388,9.315318219997426
constraint_389,9.315321402269332
constraint_390,9.315321504544269
constraint_391,9.315322642012479
constraint_392,9.315322642012479
constraint_393,9.315322642012479
constraint_394,9.315322642012479
constraint_395,9.315322642012479
constraint_396,9.315322642012479
constraint_397,9.315322642012479
constraint_398,9.315322642012479
constraint_399,9.315322642012479
constraint_400,9.315322642012479
constraint_401,9.315322642012479
constraint_402,9.315322642012479
constraint_403,9.315322642012479
constraint_404,9.315322642012479
constraint_405,9.315322642012479
constraint_406,9.315322642012479
constraint_407,9.315322642012479
constraint_408,9.315322642012479
constraint_409,9.315322642012479
constraint_410,14.130290275946424
constraint_411,14.130290275946424
constraint_412,14.130290275946424
constraint_413,14.130290275946424
constraint_414,14.130290275946424
constraint_415,14.130290275946424
constraint_416,14.130290275946424
constraint_417,14.130290275946424
constraint_418,14.130290275946424
constraint_419,14.130290275946424
constraint_420,14.130290275946424
