standard chemical potential,-1.4467899234205106e-05
standard chemical potential.1,1.5256547527542352e-06
standard chemical potential.2,-10.580768642903266
standard chemical potential.3,-8.081115888444373
standard chemical potential.4,8.081115888537965
standard chemical potential.5,-0.0007348079115558903
standard chemical potential.6,0.0007348081954319241
standard chemical potential.7,6.114911408464721
standard chemical potential.8,2.4690453210615857
standard chemical potential.9,1.4467899163150832e-05
standard chemical potential.10,-1.446789924841596e-05
standard chemical potential.11,1.5450538243735146
standard chemical potential.12,2.3191376872149476
standard chemical potential.13,-1.7546013353353374e-06
standard chemical potential.14,-4.885503695807069
standard chemical potential.15,-4.044747200417518
standard chemical potential.16,0.6743343943853404
standard chemical potential.17,2.7407105389471695
standard chemical potential.18,-1.6852137875989541
catalytic rate constant geometric mean,2.0314550393785664
catalytic rate constant geometric mean.1,1.9622487981516974
catalytic rate constant geometric mean.2,2.0314990306429217
catalytic rate constant geometric mean.3,1.1016165643103442
catalytic rate constant geometric mean.4,1.6539789446430548
catalytic rate constant geometric mean.5,2.327297073664064
catalytic rate constant geometric mean.6,2.148399399626453
catalytic rate constant geometric mean.7,2.065077345078761
catalytic rate constant geometric mean.8,2.065077701158816
catalytic rate constant geometric mean.9,1.6432028534958554
catalytic rate constant geometric mean.10,1.7402219403501433
Michaelis constant,-3.4560004476215775
Michaelis constant.1,-3.4559991100133676
Michaelis constant.2,-3.4560001061261065
Michaelis constant.3,-3.456000916244583
Michaelis constant.4,-3.4559995525021527
Michaelis constant.5,-3.456000890261043
Michaelis constant.6,-3.456000447621574
Michaelis constant.7,-3.455999110013366
Michaelis constant.8,-3.455999552502156
Michaelis constant.9,-3.4560000968871014
Michaelis constant.10,-3.456001028775315
Michaelis constant.11,-3.456000916244589
Michaelis constant.12,-3.4559999030735664
Michaelis constant.13,-3.45599897150797
Michaelis constant.14,-3.4559990840499513
Michaelis constant.15,-3.456000106126103
Michaelis constant.16,-3.455999196194839
Michaelis constant.17,-3.4560008902610457
Michaelis constant.18,-3.45599897150797
Michaelis constant.19,-3.455999552502157
Michaelis constant.20,-3.456000447621573
Michaelis constant.21,-3.4560007238532977
Michaelis constant.22,-3.4559992930521126
Michaelis constant.23,-3.455999893895596
Michaelis constant.24,-3.4559999030735646
Michaelis constant.25,-3.455999276376474
Michaelis constant.26,-3.456000723853297
Michaelis constant.27,-3.456000707218158
Michaelis constant.28,-3.4559991100133667
Michaelis constant.29,-3.4559998938955996
Michaelis constant.30,-3.4560006488855777
Michaelis constant.31,-3.4559990840499495
Michaelis constant.32,-3.4560010287753107
Michaelis constant.33,-3.4559993654820644
Michaelis constant.34,-3.4560008040713024
Michaelis constant.35,-3.4560000968857816
Michaelis constant.36,-3.4560006347125354
Michaelis constant.37,-3.4559993513121174
concentration,-3.4560000000457833
concentration.1,-3.4560000000457833
concentration.2,-3.4560000000457833
concentration.3,-3.4560000000457833
concentration.4,-3.4560000000457833
concentration.5,-3.4560000000457833
concentration.6,-3.4560000000457833
concentration.7,-3.4560000000457833
concentration.8,-3.4560000000457833
concentration.9,-3.4560000000457833
concentration.10,-3.4560000000457833
concentration.11,-3.4560000000457833
concentration.12,-3.4560000000457833
concentration.13,-3.4560000000457833
concentration.14,-3.4560000000457833
concentration.15,-3.4560000000457833
concentration.16,-3.4560000000457833
concentration.17,-3.4560000000457833
concentration.18,-3.4560000000457833
concentration of enzyme,-7.256550000023045
concentration of enzyme.1,-7.256550000023045
concentration of enzyme.2,-7.256550000023045
concentration of enzyme.3,-7.256550000023045
concentration of enzyme.4,-7.256550000023045
concentration of enzyme.5,-7.256550000023045
concentration of enzyme.6,-7.256550000023045
concentration of enzyme.7,-7.256550000023045
concentration of enzyme.8,-7.256550000023045
concentration of enzyme.9,-7.256550000023045
concentration of enzyme.10,-7.256550000023045
