constraint_1,2.417541380179792
constraint_2,2.3198192250823673
constraint_3,2.680138110598721
constraint_4,2.1325252865398094
constraint_5,2.360577642360523
constraint_6,2.6958044380521398
constraint_7,2.541543607757895
constraint_8,2.505986213467032
constraint_9,2.5059850442935123
constraint_10,2.331469579233944
constraint_11,2.5156267425776413
constraint_12,2.381992252299234
constraint_13,2.3714611210507477
constraint_14,2.1521973934941507
constraint_15,2.2945422784516
constraint_16,2.3749276686822736
constraint_17,2.293786768267024
constraint_18,2.381631878754387
constraint_19,2.3816299876212423
constraint_20,2.1970613123245317
constraint_21,2.4410990204681835
constraint_22,2.404352705796009
constraint_23,2.390625612881683
constraint_24,1.941432511931774
constraint_25,2.1652850600520868
constraint_26,2.3799119836124696
constraint_27,2.3732709275947985
constraint_28,2.363742022294838
constraint_29,2.370879751176575
constraint_30,2.238001584366417
constraint_31,1.00000006003611
constraint_32,1.0000043524793716
constraint_33,0.9999998016024594
constraint_34,1.0000049295955353
constraint_35,0.9999998851485887
constraint_36,1.0000040122942202
constraint_37,0.9999998614049092
constraint_38,1.0000031076537783
constraint_39,1.0000001572480353
constraint_40,1.0000041822924446
constraint_41,1.0000063447263792
constraint_42,0.9999999540920036
constraint_43,1.000004563726943
constraint_44,1.0000036336016584
constraint_45,0.9999999747055522
constraint_46,1.0000000762735566
constraint_47,1.0000062306603843
constraint_48,1.0000044345365902
constraint_49,1.0000041822923484
constraint_50,1.000000076607417
constraint_51,1.0000001102572293
constraint_52,0.99999989277013
constraint_53,0.9999998016024596
constraint_54,0.9999997633353453
constraint_55,1.0000001030062917
constraint_56,0.999999306810457
constraint_57,1.0000063447272995
constraint_58,1.0000062306604116
constraint_59,1.0000030902756674
constraint_60,1.0000034805727422
constraint_61,1.0000043524795925
constraint_62,1.0000114435549843
constraint_63,0.9999993272220072
constraint_64,1.0000000762735561
constraint_65,0.9999999704961334
constraint_66,0.9999997633353453
constraint_67,1.0000034805728626
constraint_68,1.00000492959556
constraint_69,0.9999993068104568
constraint_70,1.0000036336018647
constraint_71,1.0000038943708582
constraint_72,1.0000000401699862
constraint_73,1.0000045017878747
constraint_74,0.999999885148589
constraint_75,0.9999987421898276
constraint_76,1.00000436220096
constraint_77,1.0000037489298519
constraint_78,1.0000045637268227
constraint_79,0.9999981461400483
constraint_80,1.0000030902758328
constraint_81,1.0000001102572291
constraint_82,1.0000032574602582
constraint_83,1.0000040399707213
constraint_84,1.0000000960783766
constraint_85,1.0000035350375893
constraint_86,1.0000045017878747
constraint_87,0.9999999747055516
constraint_88,1.0000036304227982
constraint_89,1.0000044345368835
constraint_90,0.9999998927701298
constraint_91,1.0000043625822157
constraint_92,1.0000062306604118
constraint_93,0.9999998531663403
constraint_94,1.0000034805727418
constraint_95,0.9999999704961336
constraint_96,0.9999998016024596
constraint_97,1.0000001102572296
constraint_98,0.9999997633353453
constraint_99,1.0000001030062915
constraint_100,1.0000000387873946
constraint_101,1.000000175119825
constraint_102,1.0000035350372063
constraint_103,1.0000001203304045
constraint_104,1.0000035726265322
constraint_105,1.0000046594356247
constraint_106,0.9999987421898278
constraint_107,1.0000035558692861
constraint_108,1.0000038682888124
constraint_109,1.000000120330404
constraint_110,1.0000001423428093
constraint_111,1.0000063447263339
constraint_112,1.000000132211753
constraint_113,1.0000044481172943
constraint_114,1.00000002933273
constraint_115,1.0000046594346004
constraint_116,0.9999994965657775
constraint_117,1.0000037489302611
constraint_118,1.0000000387873944
constraint_119,0.9999998531663399
constraint_120,1.0000043430823522
constraint_121,1.0000001030062917
constraint_122,1.0000045637268222
constraint_123,0.9999993272220074
constraint_124,1.0000039681157888
constraint_125,1.0000000766074173
constraint_126,1.0000039101465796
constraint_127,1.000000129769609
constraint_128,1.000011443555457
constraint_129,1.0000000401699862
constraint_130,1.0000000293327305
constraint_131,0.9999999540920043
constraint_132,0.9999995001090654
constraint_133,1.000004053011707
constraint_134,0.9999999704961332
constraint_135,1.0000038943707499
constraint_136,1.0000001322117529
constraint_137,1.0000044481170918
constraint_138,1.0000007841066805
constraint_139,1.0000007841066805
constraint_140,1.0000007841066805
constraint_141,1.0000007841066805
constraint_142,1.0000007841066805
constraint_143,1.0000007841066805
constraint_144,1.0000007841066805
constraint_145,1.0000007841066805
constraint_146,1.0000007841066805
constraint_147,1.0000007841066805
constraint_148,1.0000007841066805
constraint_149,1.0000007841066805
constraint_150,1.0000007841066805
constraint_151,1.0000007841066805
constraint_152,1.0000007841066805
constraint_153,1.0000007841066805
constraint_154,1.0000007841066805
constraint_155,1.0000007841066805
constraint_156,1.0000007841066805
constraint_157,1.0000007841066805
constraint_158,1.0000007841066805
constraint_159,1.0000007841066805
constraint_160,1.0000007841066805
constraint_161,1.0000007841066805
constraint_162,1.0000007841066805
constraint_163,1.0000007841066805
constraint_164,1.0000007841066805
constraint_165,1.0000007841066805
constraint_166,1.0000007841066805
constraint_167,1.0000007841066805
constraint_168,1.0000007841066805
constraint_169,1.0000007841066805
constraint_170,1.0000007841066805
constraint_171,1.0000007841066805
constraint_172,1.0000007841066805
constraint_173,1.0000007841066805
constraint_174,1.0000007841066805
constraint_175,1.0000007841066805
constraint_176,1.0000007841066805
constraint_177,1.0000007841066805
constraint_178,1.0000007850918515
constraint_179,1.0000007850918515
constraint_180,1.0000007850918515
constraint_181,1.0000007850918515
constraint_182,1.0000007850918515
constraint_183,1.0000007850918513
constraint_184,1.0000007850918513
constraint_185,1.0000007850918513
constraint_186,1.0000007850918513
constraint_187,1.0000007850918513
constraint_188,1.0000007850918513
constraint_189,1.0000007850918513
constraint_190,1.0000007850918513
constraint_191,1.0000007850918513
constraint_192,1.0000007850918513
constraint_193,1.0000007850918513
constraint_194,1.0000007850918513
constraint_195,1.0000007850918513
constraint_196,1.0000007850918513
constraint_197,1.0000007850918513
constraint_198,1.0000007850918513
constraint_199,1.0000007850918513
constraint_200,1.0000007850918513
constraint_201,1.0000007850918513
constraint_202,1.0000007850918513
constraint_203,1.0000007850918513
constraint_204,1.0000007850918513
constraint_205,1.0000007850918513
constraint_206,1.0000007850918513
constraint_207,1.0000007850918513
constraint_208,1.52705289645213
constraint_209,1.6689831556544181
constraint_210,1.2752955651885998
constraint_211,1.4152960227370868
constraint_212,1.606853777446202
constraint_213,1.771874096119223
constraint_214,1.3811179287723745
constraint_215,1.4168449781330503
constraint_216,1.41684589891531
constraint_217,1.6507764070466282
constraint_218,1.4207650051442968
constraint_219,1.5759550561999747
constraint_220,1.5909951737242167
constraint_221,1.387218800863885
constraint_222,1.709843426485865
constraint_223,1.5860034747461063
constraint_224,1.7110985430272705
constraint_225,1.5764669749572526
constraint_226,1.5764689963716607
constraint_227,1.3267686035366586
constraint_228,1.496235548052906
constraint_229,1.5448019878997894
constraint_230,1.5637155399475935
constraint_231,1.752469356502973
constraint_232,1.9522345335149962
constraint_233,1.5791773193368834
constraint_234,1.5883984806867661
constraint_235,1.6022085938914072
constraint_236,1.5918222995083784
constraint_237,1.8084318152982843
constraint_238,0.9999932379021556
constraint_239,0.9999988935274022
constraint_240,0.9999939771389883
constraint_241,0.9999989513111172
constraint_242,0.999999064608896
constraint_243,0.999996813053607
constraint_244,0.9999765111217571
constraint_245,0.999994649942433
constraint_246,0.999994509874369
constraint_247,0.9999980574421704
constraint_248,0.9999875778632292
constraint_249,0.9999953148651944
constraint_250,0.999998487542919
constraint_251,0.9999970914569715
constraint_252,0.9999997636191382
constraint_253,0.9999977895898849
constraint_254,0.9999988559509226
constraint_255,0.9999943833166465
constraint_256,0.9999941981481705
constraint_257,0.9999970070781861
constraint_258,0.9999885246067517
constraint_259,0.9999958499533388
constraint_260,0.999987324934087
constraint_261,0.9999990190184892
constraint_262,0.9999987737056001
constraint_263,0.9999882385210782
constraint_264,0.9999965920112353
constraint_265,0.9999978824812966
constraint_266,0.9999887999377025
constraint_267,0.9999977030702824
constraint_268,1.4489547906886904
constraint_269,1.4450484266699655
constraint_270,1.6514347469778787
constraint_271,1.2429275619451192
constraint_272,1.4666939359114377
constraint_273,1.6756851722205421
constraint_274,1.5337251071094025
constraint_275,1.5436957682293782
constraint_276,1.5436951816556796
constraint_277,1.3920323294942283
constraint_278,1.4959077099016878
constraint_279,1.4254493523637315
constraint_280,1.4724651518696643
constraint_281,1.2205826315706327
constraint_282,1.431585267843457
constraint_283,1.4743030496977805
constraint_284,1.3670819147475568
constraint_285,1.4252140830374311
constraint_286,1.4252130697648835
constraint_287,1.2819798408624061
constraint_288,1.4645597322624666
constraint_289,1.4898886907105633
constraint_290,1.4826196161803413
constraint_291,1.075098204275162
constraint_292,1.2381700114050027
constraint_293,1.3912090908453045
constraint_294,1.4196768775090385
constraint_295,1.4683729850125282
constraint_296,1.4181108980893498
constraint_297,1.3300697485955542
constraint_298,0.9999946734972064
constraint_299,0.9999988083829746
constraint_300,0.9999932760286568
constraint_301,0.9999989195472339
constraint_302,0.9999989524610667
constraint_303,0.9999975118610628
constraint_304,0.9999783069879457
constraint_305,0.9999949662195294
constraint_306,0.9999948699654597
constraint_307,0.9999982169541276
constraint_308,0.9999900127144509
constraint_309,0.9999963590674796
constraint_310,0.9999985262892129
constraint_311,0.9999979389623086
constraint_312,0.9999995026732109
constraint_313,0.9999979426203921
constraint_314,0.999998808685517
constraint_315,0.9999956676195274
constraint_316,0.999995538369667
constraint_317,0.9999974725440635
constraint_318,0.9999912263089518
constraint_319,0.9999963090020467
constraint_320,0.9999882305403544
constraint_321,0.9999966616718317
constraint_322,0.9999986546375548
constraint_323,0.9999911274894218
constraint_324,0.9999968620933939
constraint_325,0.999997999311846
constraint_326,0.9999909897168567
constraint_327,0.999997938925661
constraint_328,1.0000040139000475
constraint_329,0.9999993069317701
constraint_330,1.0000062326690908
constraint_331,0.9999998532865184
constraint_332,1.000003895888156
constraint_333,1.000000060146369
constraint_334,1.0000043448601232
constraint_335,0.9999981462757876
constraint_336,1.000003911737998
constraint_337,1.0000001103936675
constraint_338,0.9999998929047089
constraint_339,1.0000038694144129
constraint_340,0.999999970624716
constraint_341,1.000000038899189
constraint_342,1.0000046611315216
constraint_343,1.0000037503745989
constraint_344,0.9999998017418333
constraint_345,1.0000000767252881
constraint_346,1.0000001103936529
constraint_347,1.0000044361432647
constraint_348,1.0000041835270344
constraint_349,1.0000063474181058
constraint_350,1.0000062326690908
constraint_351,1.0000030913244353
constraint_352,1.000003481803085
constraint_353,1.0000043542121932
constraint_354,0.9999998929047201
constraint_355,0.9999998017418343
constraint_356,0.9999997634680545
constraint_357,1.0000001031212948
constraint_358,0.9999993069317885
constraint_359,0.9999987423342793
constraint_360,1.0000043640245553
constraint_361,1.0000037503745987
constraint_362,1.0000045652655558
constraint_363,1.0000030913244353
constraint_364,1.0000001031213162
constraint_365,0.99999985328652
constraint_366,1.0000043542121924
constraint_367,1.0000000388992234
constraint_368,0.9999998852656303
constraint_369,1.000004449776714
constraint_370,1.0000000294468334
constraint_371,1.0000038958881563
constraint_372,1.0000114465939118
constraint_373,0.9999993273536792
constraint_374,1.0000000763855694
constraint_375,0.9999999706247064
constraint_376,1.0000031092648831
constraint_377,0.9999997634681014
constraint_378,1.0000041835270341
constraint_379,1.0000001752210985
constraint_380,1.0000000961838706
constraint_381,1.000004041613438
constraint_382,1.0000001323198657
constraint_383,1.0000000294468332
constraint_384,1.000004661131521
constraint_385,1.0000001298743884
constraint_386,1.0000000767253177
constraint_387,1.0000063474181053
constraint_388,0.9999993273734171
constraint_389,0.9999998017418343
constraint_390,1.000004931405625
constraint_391,1.000000103121294
constraint_392,1.0000045652655558
constraint_393,1.0000062326690913
constraint_394,1.0000041835270344
constraint_395,1.000003091324435
constraint_396,1.0000034818030845
constraint_397,1.0000036349849808
constraint_398,1.0000032588458676
constraint_399,1.0000001323198044
constraint_400,1.0000035570619654
constraint_401,1.0000001424416243
constraint_402,0.9999999748253304
constraint_403,1.0000114465939114
constraint_404,1.0000001204604112
constraint_405,0.9999999542598543
constraint_406,1.000003557061965
constraint_407,1.0000035741548554
constraint_408,0.9999998929047096
constraint_409,1.0000035364116722
constraint_410,1.0000000402825355
constraint_411,1.0000045034506333
constraint_412,0.9999999748252445
constraint_413,1.0000040548627798
constraint_414,1.0000000763856263
constraint_415,1.000003634984981
constraint_416,1.000004931405625
constraint_417,0.999999861513482
constraint_418,1.0000034818030843
constraint_419,0.9999999706247064
constraint_420,1.000004364024555
constraint_421,0.9999995002231638
constraint_422,1.000004436143265
constraint_423,1.0000001573529183
constraint_424,1.0000036319245036
constraint_425,0.9999987423342779
constraint_426,1.0000044497767144
constraint_427,1.0000045034506335
constraint_428,1.0000038694144109
constraint_429,1.0000039699667038
constraint_430,0.9999994966825588
constraint_431,1.0000045652655554
constraint_432,0.9999998852656178
constraint_433,1.000003536411672
constraint_434,1.000000040282515
constraint_435,1.0000007844160421
constraint_436,1.0000007844160421
constraint_437,1.0000007844160421
constraint_438,1.0000007844160421
constraint_439,1.0000007844160421
constraint_440,1.0000007844160421
constraint_441,1.0000007844160421
constraint_442,1.0000007844160421
constraint_443,1.0000007844160421
constraint_444,1.0000007844160421
constraint_445,1.0000007844160421
constraint_446,1.0000007844160421
constraint_447,1.0000007844160421
constraint_448,1.0000007844160421
constraint_449,1.0000007844160421
constraint_450,1.0000007844160421
constraint_451,1.0000007844160421
constraint_452,1.0000007844160421
constraint_453,1.0000007844160421
constraint_454,1.0000007844160421
constraint_455,1.0000007844160421
constraint_456,1.0000007844160421
constraint_457,1.0000007844160421
constraint_458,1.0000007844160421
constraint_459,1.0000007844160421
constraint_460,1.0000007844160421
constraint_461,1.0000007844160421
constraint_462,1.0000007844160421
constraint_463,1.0000007844160421
constraint_464,1.0000007844160421
constraint_465,1.0000007844160421
constraint_466,1.0000007844160421
constraint_467,1.0000007844160421
constraint_468,1.0000007844160421
constraint_469,1.0000007844160421
constraint_470,1.0000007844160421
constraint_471,1.0000007844160421
constraint_472,1.0000007844160421
constraint_473,1.0000007844160421
constraint_474,1.0000007844160421
constraint_475,1.0000007853625414
constraint_476,1.0000007853625414
constraint_477,1.0000007853625414
constraint_478,1.0000007853625414
constraint_479,1.0000007853625414
constraint_480,1.0000007853625414
constraint_481,1.0000007853625414
constraint_482,1.0000007853625414
constraint_483,1.0000007853625414
constraint_484,1.0000007853625414
constraint_485,1.0000007853625414
constraint_486,1.0000007853625414
constraint_487,1.0000007853625414
constraint_488,1.0000007853625414
constraint_489,1.0000007853625414
constraint_490,1.0000007853625414
constraint_491,1.0000007853625414
constraint_492,1.0000007853625414
constraint_493,1.0000007853625414
constraint_494,1.0000007853625414
constraint_495,1.0000007853625414
constraint_496,1.0000007853625414
constraint_497,1.0000007853625414
constraint_498,1.0000007853625414
constraint_499,1.0000007853625414
constraint_500,1.0000007853625414
constraint_501,1.0000007853625414
constraint_502,1.0000007853625414
constraint_503,1.0000007853625414
constraint_504,1.0000007853625414
constraint_505,0.9999973197493203
constraint_506,0.9999990645833484
constraint_507,0.9999899669231401
constraint_508,0.9999989163418106
constraint_509,0.999999196084274
constraint_510,0.9999975291103477
constraint_511,0.9999914868770896
constraint_512,0.9999956045305376
constraint_513,0.9999956531507973
constraint_514,0.9999983494448883
constraint_515,0.9999969628203483
constraint_516,0.9999985387235704
constraint_517,0.9999996762691754
constraint_518,0.999999382463536
constraint_519,0.9999999256177352
constraint_520,0.9999988859517391
constraint_521,0.9999997155273459
constraint_522,0.9999976300713572
constraint_523,0.9999974735221714
constraint_524,0.999996007493194
constraint_525,0.9999941778215199
constraint_526,0.9999962443657858
constraint_527,0.9999782999590907
constraint_528,0.9999952404295459
constraint_529,0.9999983954252503
constraint_530,0.9999958635994519
constraint_531,0.9999971563078796
constraint_532,0.9999987032961615
constraint_533,0.9999819746742689
constraint_534,0.9999964076782517
constraint_535,1.7961006500322436
constraint_536,1.7162618595690202
constraint_537,1.946552318332674
constraint_538,1.563012806221822
constraint_539,1.7496071117041445
constraint_540,1.9749455162636362
constraint_541,1.8908493409475646
constraint_542,1.8684799098478715
constraint_543,1.8684790253509116
constraint_544,1.7257722876123642
constraint_545,1.8551126814099406
constraint_546,1.7670721631483872
constraint_547,1.7585092633926975
constraint_548,1.5790943784123543
constraint_549,1.695583053983014
constraint_550,1.7613435877948573
constraint_551,1.6949501679737582
constraint_552,1.7667716502992437
constraint_553,1.7667697559353446
constraint_554,1.6158102419332732
constraint_555,1.8152618673112768
constraint_556,1.7854107867592035
constraint_557,1.774175793722778
constraint_558,1.4065154239915287
constraint_559,1.589806514014411
constraint_560,1.7650259486518667
constraint_561,1.7599570972637961
constraint_562,1.7521942270542743
constraint_563,1.757972242087065
constraint_564,1.6493114757380718
constraint_565,1.0327206884134783
constraint_566,1.107582852186595
constraint_567,0.9999967784368136
constraint_568,1.1068672154720118
constraint_569,1.090139093569477
constraint_570,1.0000549471731173
constraint_571,1.0032401059299811
constraint_572,1.0330445688170045
constraint_573,1.0330448059341744
constraint_574,1.0575515878781783
constraint_575,1.0003995024682093
constraint_576,1.0427732504668623
constraint_577,1.085592807662689
constraint_578,1.0691819615682132
constraint_579,1.1187402824066732
constraint_580,1.0841541647431436
constraint_581,1.0689596680718914
constraint_582,1.0428793287013638
constraint_583,1.0428798932861942
constraint_584,1.0822327536636311
constraint_585,1.0262426614936593
constraint_586,1.0721277068777195
constraint_587,1.0776829248602717
constraint_588,1.1363135936108504
constraint_589,1.0728581276041278
constraint_590,1.0193876256936618
constraint_591,1.0452756890910293
constraint_592,1.088811776647751
constraint_593,1.0459759479602828
constraint_594,1.0864745131612392
constraint_595,1.2914417472080673
constraint_596,0.9999886476239299
constraint_597,1.1675269621967894
constraint_598,1.181428584919404
constraint_599,1.1919446836069507
constraint_600,1.4276740248703967
constraint_601,1.5526163703108913
constraint_602,0.9999991099359861
constraint_603,1.08968568227565
constraint_604,1.1997362604759891
constraint_605,0.9999973563709526
constraint_606,0.9999983672500647
constraint_607,1.0000007861927984
constraint_608,1.258443907794916
constraint_609,0.9999695676031815
constraint_610,0.9999907258254246
constraint_611,1.625789325852867
constraint_612,0.9999925358359287
constraint_613,1.000009498411792
constraint_614,1.3216076681602489
constraint_615,1.2462681223066867
constraint_616,1.3634425608847285
constraint_617,1.1703016190788693
constraint_618,0.9999948313066613
constraint_619,1.0307095709742726
constraint_620,1.1455923106381607
constraint_621,1.322129551567432
constraint_622,1.8304074582056056
constraint_623,0.9999901400733961
constraint_624,1.1223014299210097
constraint_625,1.9748959604419936
constraint_626,1.4802321606922284
constraint_627,1.061581518202324
constraint_628,0.9999971269733747
constraint_629,1.4255897484703879
constraint_630,1.1243865368197141
constraint_631,1.30096263731147
constraint_632,1.4420654547505267
constraint_633,1.0000442313742735
constraint_634,0.9999860589022483
constraint_635,13.249426111054834
constraint_636,12.899180776733486
constraint_637,14.190641858417113
constraint_638,12.227865981159656
constraint_639,13.045271318977141
constraint_640,14.24681389688355
constraint_641,13.693810704926154
constraint_642,13.566439155076337
constraint_643,13.566434523166093
constraint_644,12.940936283117376
constraint_645,13.60097087386601
constraint_646,13.12201554682839
constraint_647,13.084278880888304
constraint_648,12.298371971087136
constraint_649,12.808584118082667
constraint_650,13.09670130820148
constraint_651,12.805872971003764
constraint_652,13.120720694673917
constraint_653,13.120713323790694
constraint_654,12.459175012150054
constraint_655,13.33384766155949
constraint_656,13.202161609180312
constraint_657,13.15292272893304
constraint_658,11.54292420495929
constraint_659,12.345285210368804
constraint_660,13.11453528291543
constraint_661,13.090758118539942
constraint_662,13.056608996614287
constraint_663,13.082160534356202
constraint_664,12.605918851665011
constraint_665,9.982268547423052
constraint_666,9.982261978771891
constraint_667,9.982279570299696
constraint_668,9.982267570772825
constraint_669,9.982267113963838
constraint_670,9.98226458695259
constraint_671,9.982269472688397
constraint_672,9.982250014801991
constraint_673,9.98226842302938
constraint_674,9.982265626349646
constraint_675,9.982274143848032
constraint_676,9.982267278226615
constraint_677,9.98226657193042
constraint_678,9.98226276952679
constraint_679,9.982271718220717
constraint_680,9.982267173296735
constraint_681,9.982273130977037
constraint_682,9.982266574331945
constraint_683,9.982265626349134
constraint_684,9.982270940436324
constraint_685,9.982269704414948
constraint_686,9.982280609845898
constraint_687,9.982279570299697
constraint_688,9.982262148927113
constraint_689,9.982265818597496
constraint_690,9.982267033289796
constraint_691,9.98227414385223
constraint_692,9.982273130977163
constraint_693,9.982258816956602
constraint_694,9.982262434906573
constraint_695,9.982261978772984
constraint_696,9.982290725391175
constraint_697,9.982267178841472
constraint_698,9.982267173296735
constraint_699,9.98227117290388
constraint_700,9.982262148927113
constraint_701,9.982262434907232
constraint_702,9.982267570772944
constraint_703,9.982267033289792
constraint_704,9.982262769527903
constraint_705,9.982263097052584
constraint_706,9.982270851654281
constraint_707,9.982266616753927
constraint_708,9.982267113963836
constraint_709,9.982303442650256
constraint_710,9.98226213457196
constraint_711,9.982263493322236
constraint_712,9.982266571929825
constraint_713,9.982254984417132
constraint_714,9.9822588169576
constraint_715,9.982269704414946
constraint_716,9.98226182878984
constraint_717,9.982264909137522
constraint_718,9.982268861470944
constraint_719,9.982262839847857
constraint_720,9.982266616753927
constraint_721,9.98227171822071
constraint_722,9.982263254806158
constraint_723,9.982266574333423
constraint_724,9.982280609845898
constraint_725,9.98226213639261
constraint_726,9.982273130977164
constraint_727,9.982272656481532
constraint_728,9.982262434906566
constraint_729,9.982271172903879
constraint_730,9.982279570299697
constraint_731,9.982269704414952
constraint_732,9.982262148927111
constraint_733,9.982265818597488
constraint_734,9.98226637132317
constraint_735,9.982264918182718
constraint_736,9.982262839845799
constraint_737,9.982266309657993
constraint_738,9.982263064244252
constraint_739,9.982267024835984
constraint_740,9.982303442650254
constraint_741,9.982262868283845
constraint_742,9.982263358770684
constraint_743,9.98226630965799
constraint_744,9.982266502377579
constraint_745,9.982274143847834
constraint_746,9.982266249625294
constraint_747,9.982266435212917
constraint_748,9.982271097712928
constraint_749,9.98226702483091
constraint_750,9.982266241739818
constraint_751,9.982263493324387
constraint_752,9.982266371323169
constraint_753,9.982272656481532
constraint_754,9.982264981845175
constraint_755,9.982265818597488
constraint_756,9.982266571929825
constraint_757,9.982267178841466
constraint_758,9.98226131393456
constraint_759,9.982270940436326
constraint_760,9.98226466196809
constraint_761,9.982266763130038
constraint_762,9.98229072539329
constraint_763,9.982270851654285
constraint_764,9.98227109771293
constraint_765,9.982267278226606
constraint_766,9.982265791478357
constraint_767,9.982261675770681
constraint_768,9.982271172903875
constraint_769,9.982263097052028
constraint_770,9.98226624962529
constraint_771,9.982266435211894
constraint_772,9.982254065818847
constraint_773,9.982254065818847
constraint_774,9.982254065818847
constraint_775,9.982254065818847
constraint_776,9.982254065818847
constraint_777,9.982254065818847
constraint_778,9.982254065818847
constraint_779,9.982254065818847
constraint_780,9.982254065818847
constraint_781,9.982254065818847
constraint_782,9.982254065818847
constraint_783,9.982254065818847
constraint_784,9.982254065818847
constraint_785,9.982254065818847
constraint_786,9.982254065818847
constraint_787,9.982254065818847
constraint_788,9.982254065818847
constraint_789,9.982254065818847
constraint_790,9.982254065818847
constraint_791,9.982254065818847
constraint_792,9.982254065818847
constraint_793,9.982254065818847
constraint_794,9.982254065818847
constraint_795,9.982254065818847
constraint_796,9.982254065818847
constraint_797,9.982254065818847
constraint_798,9.982254065818847
constraint_799,9.982254065818847
constraint_800,9.982254065818847
constraint_801,9.982254065818847
constraint_802,9.982254065818847
constraint_803,9.982254065818847
constraint_804,9.982254065818847
constraint_805,9.982254065818847
constraint_806,9.982254065818847
constraint_807,9.982254065818847
constraint_808,9.982254065818847
constraint_809,9.982254065818847
constraint_810,9.982254065818847
constraint_811,9.982254065818847
constraint_812,16.341502444849645
constraint_813,16.341502444849645
constraint_814,16.341502444849645
constraint_815,16.341502444849645
constraint_816,16.341502444849645
constraint_817,16.341502444849638
constraint_818,16.341502444849638
constraint_819,16.341502444849638
constraint_820,16.341502444849638
constraint_821,16.341502444849638
constraint_822,16.341502444849638
constraint_823,16.341502444849638
constraint_824,16.341502444849638
constraint_825,16.341502444849638
constraint_826,16.341502444849638
constraint_827,16.341502444849638
constraint_828,16.341502444849638
constraint_829,16.341502444849638
constraint_830,16.341502444849638
constraint_831,16.341502444849638
constraint_832,16.341502444849638
constraint_833,16.341502444849638
constraint_834,16.341502444849638
constraint_835,16.341502444849638
constraint_836,16.341502444849638
constraint_837,16.341502444849638
constraint_838,16.341502444849638
constraint_839,16.341502444849638
constraint_840,16.341502444849638
constraint_841,16.341502444849638
constraint_842,1.0117707831885285
constraint_843,0.9999985247959781
constraint_844,1.0360390799950803
constraint_845,1.0009203963371656
constraint_846,1.1615265057212514
constraint_847,1.3716136884928505
constraint_848,1.1311424939987433
constraint_849,1.0896856824443528
constraint_850,0.9999991099243389
constraint_851,0.9999973563190974
constraint_852,1.199736260862927
constraint_853,1.0000094981328602
constraint_854,1.000000786131563
constraint_855,1.2151072894819537
constraint_856,0.9999668589386855
constraint_857,0.9999925358359064
constraint_858,1.383194851163634
constraint_859,0.9999907258254123
constraint_860,0.9999983672462517
constraint_861,0.9999652071758421
constraint_862,1.4323022107165493
constraint_863,1.3914633315604994
constraint_864,1.2156739440591062
constraint_865,1.0000057146879378
constraint_866,0.9999918869216013
constraint_867,1.094659927630589
constraint_868,1.301177567654237
constraint_869,1.782765663929915
constraint_870,1.0000446511571142
constraint_871,0.9999895929794327
constraint_872,1.6971257143944414
constraint_873,1.2406723151720378
constraint_874,1.0000146459383161
constraint_875,1.134739769615502
constraint_876,1.3557779818406817
constraint_877,1.2355935539815892
constraint_878,1.1708968619299336
constraint_879,1.287640730647089
constraint_880,0.9999988157294354
constraint_881,1.0004145560605744
constraint_882,13.73467222038613
constraint_883,13.313357979408181
constraint_884,14.866850337614293
constraint_885,12.505842712776728
constraint_886,13.489087897932373
constraint_887,14.934409552885123
constraint_888,14.269252182920985
constraint_889,14.116002058398287
constraint_890,14.11599669877605
constraint_891,13.363586387139806
constraint_892,14.157550683908111
constraint_893,13.58140815129015
constraint_894,13.536010478290223
constraint_895,12.590655525608156
constraint_896,13.204379017525785
constraint_897,13.550954525218694
constraint_898,13.2011193460317
constraint_899,13.57985211522671
constraint_900,13.579843533618776
constraint_901,12.784084244609481
constraint_902,13.836229296807154
constraint_903,13.67781482033454
constraint_904,13.618603867372032
constraint_905,11.681940963643989
constraint_906,12.647085217500452
constraint_907,13.57242177276473
constraint_908,13.543807927162332
constraint_909,13.50272792882341
constraint_910,13.533478951576933
constraint_911,12.960599295133868
constraint_912,9.315339267476194
constraint_913,9.31534183646491
constraint_914,9.315347159452815
constraint_915,9.31534708459242
constraint_916,9.31533787481217
constraint_917,9.315343213516236
constraint_918,9.315339619023613
constraint_919,9.31533059046206
constraint_920,9.315339344107182
constraint_921,9.315344299220712
constraint_922,9.315354548076785
constraint_923,9.315338120330088
constraint_924,9.315345685418663
constraint_925,9.315341172009754
constraint_926,9.315341518339238
constraint_927,9.315338255573927
constraint_928,9.315353580738687
constraint_929,9.315345460228825
constraint_930,9.315344299220156
constraint_931,9.315341108489596
constraint_932,9.315340231751241
constraint_933,9.315348106752285
constraint_934,9.31534715945282
constraint_935,9.315333901437427
constraint_936,9.315337276822971
constraint_937,9.315336797496098
constraint_938,9.315354548081578
constraint_939,9.315353580738833
constraint_940,9.315337224569086
constraint_941,9.315340649752216
constraint_942,9.315341836466123
constraint_943,9.315376062424955
constraint_944,9.315336943568434
constraint_945,9.315338255573922
constraint_946,9.315341098050284
constraint_947,9.315333901437429
constraint_948,9.315340649752924
constraint_949,9.31534708459255
constraint_950,9.315336797496096
constraint_951,9.31534117201096
constraint_952,9.315341878212644
constraint_953,9.315340977240934
constraint_954,9.31534561052037
constraint_955,9.315337874812172
constraint_956,9.315363373094048
constraint_957,9.315341971512943
constraint_958,9.31534192268916
constraint_959,9.315345685418
constraint_960,9.315325635082399
constraint_961,9.315337224570131
constraint_962,9.315340231751238
constraint_963,9.31533979878018
constraint_964,9.31534350609397
constraint_965,9.31533956859288
constraint_966,9.315341052061203
constraint_967,9.315345610520371
constraint_968,9.315341518339231
constraint_969,9.315341533858325
constraint_970,9.315345460230462
constraint_971,9.315348106752285
constraint_972,9.315341973561397
constraint_973,9.315353580738837
constraint_974,9.315342015189302
constraint_975,9.31534064975221
constraint_976,9.315341098050283
constraint_977,9.315347159452818
constraint_978,9.315340231751243
constraint_979,9.315333901437423
constraint_980,9.315337276822966
constraint_981,9.315337582482076
constraint_982,9.31533672177958
constraint_983,9.31534105205897
constraint_984,9.315337679075792
constraint_985,9.315341288015077
constraint_986,9.315346196516343
constraint_987,9.315363373094044
constraint_988,9.315341110196444
constraint_989,9.3153420305449
constraint_990,9.31533767907579
constraint_991,9.315337863674765
constraint_992,9.315354548076549
constraint_993,9.31533765449884
constraint_994,9.315345378756877
constraint_995,9.31534114450401
constraint_996,9.315346196510705
constraint_997,9.31533653159632
constraint_998,9.315341922691509
constraint_999,9.315337582482075
constraint_1000,9.315342015189303
constraint_1001,9.315344093761096
constraint_1002,9.315337276822968
constraint_1003,9.315345685418004
constraint_1004,9.315336943568434
constraint_1005,9.315340657687909
constraint_1006,9.315341108489596
constraint_1007,9.315343090825216
constraint_1008,9.315338039013078
constraint_1009,9.315376062427386
constraint_1010,9.315340977240938
constraint_1011,9.31534114450401
constraint_1012,9.315338120330084
constraint_1013,9.315336196902281
constraint_1014,9.315341080831654
constraint_1015,9.315341098050279
constraint_1016,9.315341878212037
constraint_1017,9.315337654498837
constraint_1018,9.315345378755747
constraint_1019,9.3153295748867
constraint_1020,9.3153295748867
constraint_1021,9.3153295748867
constraint_1022,9.3153295748867
constraint_1023,9.3153295748867
constraint_1024,9.3153295748867
constraint_1025,9.3153295748867
constraint_1026,9.3153295748867
constraint_1027,9.3153295748867
constraint_1028,9.3153295748867
constraint_1029,9.3153295748867
constraint_1030,9.3153295748867
constraint_1031,9.3153295748867
constraint_1032,9.3153295748867
constraint_1033,9.3153295748867
constraint_1034,9.3153295748867
constraint_1035,9.3153295748867
constraint_1036,9.3153295748867
constraint_1037,9.3153295748867
constraint_1038,9.3153295748867
constraint_1039,9.3153295748867
constraint_1040,9.3153295748867
constraint_1041,9.3153295748867
constraint_1042,9.3153295748867
constraint_1043,9.3153295748867
constraint_1044,9.3153295748867
constraint_1045,9.3153295748867
constraint_1046,9.3153295748867
constraint_1047,9.3153295748867
constraint_1048,9.3153295748867
constraint_1049,9.3153295748867
constraint_1050,9.3153295748867
constraint_1051,9.3153295748867
constraint_1052,9.3153295748867
constraint_1053,9.3153295748867
constraint_1054,9.3153295748867
constraint_1055,9.3153295748867
constraint_1056,9.3153295748867
constraint_1057,9.3153295748867
constraint_1058,9.3153295748867
constraint_1059,14.130300805794347
constraint_1060,14.130300805794347
constraint_1061,14.130300805794347
constraint_1062,14.130300805794347
constraint_1063,14.130300805794347
constraint_1064,14.130300805794342
constraint_1065,14.130300805794342
constraint_1066,14.130300805794342
constraint_1067,14.130300805794342
constraint_1068,14.130300805794342
constraint_1069,14.130300805794342
constraint_1070,14.130300805794342
constraint_1071,14.130300805794342
constraint_1072,14.130300805794342
constraint_1073,14.130300805794342
constraint_1074,14.130300805794342
constraint_1075,14.130300805794342
constraint_1076,14.130300805794342
constraint_1077,14.130300805794342
constraint_1078,14.130300805794342
constraint_1079,14.130300805794342
constraint_1080,14.130300805794342
constraint_1081,14.130300805794342
constraint_1082,14.130300805794342
constraint_1083,14.130300805794342
constraint_1084,14.130300805794342
constraint_1085,14.130300805794342
constraint_1086,14.130300805794342
constraint_1087,14.130300805794342
constraint_1088,14.130300805794342
