,Value
standard chemical potential,-43.58
standard chemical potential,-41.96
standard chemical potential,-40.28
standard chemical potential,-13.4
standard chemical potential,9.995
standard chemical potential,-62.98
standard chemical potential,-60.84
standard chemical potential,15.68
standard chemical potential,-15.68
standard chemical potential,-40.97
standard chemical potential,40.97
standard chemical potential,-0.2756
standard chemical potential,0
standard chemical potential,31.95
standard chemical potential,53.46
standard chemical potential,0.8555
standard chemical potential,7.476
standard chemical potential,-0.8555
standard chemical potential,0.2756
standard chemical potential,-9.98
standard chemical potential,7.214
standard chemical potential,6.341
standard chemical potential,1.066
standard chemical potential,16.56
standard chemical potential,1.072
standard chemical potential,28.61
standard chemical potential,7.37
standard chemical potential,1.004
standard chemical potential,3.951
standard chemical potential,-12.27
standard chemical potential,-3.1
standard chemical potential,-19.44
standard chemical potential,-28
standard chemical potential,40.88
standard chemical potential,-1.581
standard chemical potential,34.64
standard chemical potential,6.811
standard chemical potential,-16.97
standard chemical potential,-20.41
standard chemical potential,13.85
catalytic rate constant geometric mean,-1.391
catalytic rate constant geometric mean,4.958
catalytic rate constant geometric mean,1.955
catalytic rate constant geometric mean,2.303
catalytic rate constant geometric mean,6.967
catalytic rate constant geometric mean,5.145
catalytic rate constant geometric mean,5.465
catalytic rate constant geometric mean,4.779
catalytic rate constant geometric mean,4.572
catalytic rate constant geometric mean,-2.11
catalytic rate constant geometric mean,3.944
catalytic rate constant geometric mean,5.758
catalytic rate constant geometric mean,1.901
catalytic rate constant geometric mean,3.918
catalytic rate constant geometric mean,7.029
catalytic rate constant geometric mean,6.188
catalytic rate constant geometric mean,5.808
catalytic rate constant geometric mean,2.019
catalytic rate constant geometric mean,5.445
catalytic rate constant geometric mean,7.613
catalytic rate constant geometric mean,4.239
catalytic rate constant geometric mean,1.485
catalytic rate constant geometric mean,1.707
catalytic rate constant geometric mean,3.999
catalytic rate constant geometric mean,2.303
catalytic rate constant geometric mean,4.553
catalytic rate constant geometric mean,4.404
catalytic rate constant geometric mean,5.38
catalytic rate constant geometric mean,6.185
catalytic rate constant geometric mean,6.645
Michaelis constant,-1.811
Michaelis constant,-0.9865
Michaelis constant,-3.059
Michaelis constant,-6.7
Michaelis constant,-2.227
Michaelis constant,-1.875
Michaelis constant,-4.61
Michaelis constant,-4.528
Michaelis constant,-3.81
Michaelis constant,-4.446
Michaelis constant,-0.04428
Michaelis constant,0.8563
Michaelis constant,-0.3246
Michaelis constant,-0.4123
Michaelis constant,0.1095
Michaelis constant,-1.344
Michaelis constant,-6.235
Michaelis constant,1.781
Michaelis constant,-4.472
Michaelis constant,2.059
Michaelis constant,-5.753
Michaelis constant,4.077
Michaelis constant,-0.08333
Michaelis constant,-0.2663
Michaelis constant,-0.4315
Michaelis constant,-5.583
Michaelis constant,-1.443
Michaelis constant,-5.368
Michaelis constant,-4.705
Michaelis constant,-4.174
Michaelis constant,-2.412
Michaelis constant,-3.635
Michaelis constant,-0.9882
Michaelis constant,-1.502
Michaelis constant,-4.621
Michaelis constant,-0.2663
Michaelis constant,1.293
Michaelis constant,-7.099
Michaelis constant,-5.42
Michaelis constant,-0.4123
Michaelis constant,-5.749
Michaelis constant,-4.34
Michaelis constant,-1.731
Michaelis constant,0.4675
Michaelis constant,-0.7971
Michaelis constant,-4.085
Michaelis constant,-3.755
Michaelis constant,-2.822
Michaelis constant,-2.952
Michaelis constant,0.6449
Michaelis constant,-3.331
Michaelis constant,1.057
Michaelis constant,-0.7865
Michaelis constant,-2.399
Michaelis constant,-1.284
Michaelis constant,-1.365
Michaelis constant,0.1095
Michaelis constant,-1.274
Michaelis constant,5.159
Michaelis constant,-6.46
Michaelis constant,-7.584
Michaelis constant,-6.692
Michaelis constant,2.754
Michaelis constant,-4.174
Michaelis constant,-4.657
Michaelis constant,-0.08333
Michaelis constant,3.718
Michaelis constant,-0.2663
Michaelis constant,-0.4315
Michaelis constant,-3.67
Michaelis constant,0.5547
Michaelis constant,-1.189
Michaelis constant,-3.106
Michaelis constant,0.04479
Michaelis constant,-4.715
Michaelis constant,-1.735
Michaelis constant,-2.303
Michaelis constant,-6.655
Michaelis constant,-3.305
Michaelis constant,-1.19
Michaelis constant,-1.12
Michaelis constant,1.525
Michaelis constant,-3.634
Michaelis constant,1.528
Michaelis constant,-4.715
Michaelis constant,-2.619
Michaelis constant,-3.379
Michaelis constant,-2.598
Michaelis constant,0.01187
Michaelis constant,-1.085
Michaelis constant,-2.816
Michaelis constant,-3.161
Michaelis constant,-0.6211
Michaelis constant,0.4904
Michaelis constant,5.159
Michaelis constant,-5.256
Michaelis constant,-3.331
Michaelis constant,-2.871
Michaelis constant,-1.716
Michaelis constant,1.914
Michaelis constant,0.8563
Michaelis constant,3.712
Michaelis constant,-2.188
Michaelis constant,0.5816
Michaelis constant,-4.625
Michaelis constant,1.294
Michaelis constant,-2.436
concentration,-2.303
concentration,-2.303
concentration,-2.303
concentration,-2.303
concentration,-2.303
concentration,-2.303
concentration,-2.303
concentration,-2.303
concentration,-2.303
concentration,-2.303
concentration,-2.303
concentration,-2.303
concentration,-2.303
concentration,-2.303
concentration,-2.303
concentration,-2.303
concentration,-2.303
concentration,-2.303
concentration,-2.303
concentration,-2.303
concentration,-2.303
concentration,-2.303
concentration,-2.303
concentration,-2.303
concentration,-2.303
concentration,-2.303
concentration,-2.303
concentration,-2.303
concentration,-2.303
concentration,-2.303
concentration,-2.303
concentration,-2.303
concentration,-2.303
concentration,-2.303
concentration,-2.303
concentration,-2.303
concentration,-2.303
concentration,-2.303
concentration,-2.303
concentration,-2.303
concentration of enzyme,-6.908
concentration of enzyme,-6.908
concentration of enzyme,-6.908
concentration of enzyme,-6.908
concentration of enzyme,-6.908
concentration of enzyme,-6.908
concentration of enzyme,-6.908
concentration of enzyme,-6.908
concentration of enzyme,-6.908
concentration of enzyme,-6.908
concentration of enzyme,-6.908
concentration of enzyme,-6.908
concentration of enzyme,-6.908
concentration of enzyme,-6.908
concentration of enzyme,-6.908
concentration of enzyme,-6.908
concentration of enzyme,-6.908
concentration of enzyme,-6.908
concentration of enzyme,-6.908
concentration of enzyme,-6.908
concentration of enzyme,-6.908
concentration of enzyme,-6.908
concentration of enzyme,-6.908
concentration of enzyme,-6.908
concentration of enzyme,-6.908
concentration of enzyme,-6.908
concentration of enzyme,-6.908
concentration of enzyme,-6.908
concentration of enzyme,-6.908
concentration of enzyme,-6.908
