standard chemical potential,-12.142646860790643
standard chemical potential.1,0.0004938617699060094
standard chemical potential.2,-5.96704975862304
standard chemical potential.3,-8.27127971431517
standard chemical potential.4,-1.2924814216392457
standard chemical potential.5,-2.0026643245681934
standard chemical potential.6,-15.704610496761882
standard chemical potential.7,4.29187085226404
standard chemical potential.8,-4.291870845118716
standard chemical potential.9,-9.080140551195564
standard chemical potential.10,9.080140564617182
standard chemical potential.11,0.000556541951062932
standard chemical potential.12,-3.0617963055314866e-09
standard chemical potential.13,-1.7520000540385734
standard chemical potential.14,-0.00013543752991598048
standard chemical potential.15,9.050128152832192e-05
standard chemical potential.16,-8.062337999057636
standard chemical potential.17,-9.050128323939005e-05
standard chemical potential.18,-0.0005565560881581747
standard chemical potential.19,-13.854506330663579
standard chemical potential.20,6.945275474618247
standard chemical potential.21,1.0171226085294391
standard chemical potential.22,1.9016257199451465
standard chemical potential.23,0.0005441689152726445
standard chemical potential.24,-1.51266371200126
standard chemical potential.25,-2.273511086721702
standard chemical potential.26,-0.7986858938350984
standard chemical potential.27,-1.3185583049929503
standard chemical potential.28,0.0027255067740181043
standard chemical potential.29,-5.763198148688389
standard chemical potential.30,-7.564504533049239
standard chemical potential.31,-8.804419546705955
standard chemical potential.32,-2.9863691703982425
standard chemical potential.33,6.311908641174268
standard chemical potential.34,-2.5099797437391955
standard chemical potential.35,4.712201496755646
standard chemical potential.36,-5.261859560442393
standard chemical potential.37,-5.65719215238341
standard chemical potential.38,-0.0022707333676171984
standard chemical potential.39,0.021420567216423166
catalytic rate constant geometric mean,1.7982669028666716
catalytic rate constant geometric mean.1,1.5800728289916426
catalytic rate constant geometric mean.2,2.3271398461892514
catalytic rate constant geometric mean.3,1.1238780849926537
catalytic rate constant geometric mean.4,1.6726108790763718
catalytic rate constant geometric mean.5,2.356294818087967
catalytic rate constant geometric mean.6,2.05786283249007
catalytic rate constant geometric mean.7,1.9852400266434977
catalytic rate constant geometric mean.8,1.9852381143978002
catalytic rate constant geometric mean.9,1.6067583104266974
catalytic rate constant geometric mean.10,2.005077283686305
catalytic rate constant geometric mean.11,1.7203509544513065
catalytic rate constant geometric mean.12,1.6969447300397664
catalytic rate constant geometric mean.13,1.1743470272586094
catalytic rate constant geometric mean.14,1.5215294673651567
catalytic rate constant geometric mean.15,1.704664830020479
catalytic rate constant geometric mean.16,1.5197696458311019
catalytic rate constant geometric mean.17,1.719556444806107
catalytic rate constant geometric mean.18,1.719552937715862
catalytic rate constant geometric mean.19,1.2871128452734295
catalytic rate constant geometric mean.20,1.8490254408092985
catalytic rate constant geometric mean.21,1.7695447479334374
catalytic rate constant geometric mean.22,1.739464265378356
catalytic rate constant geometric mean.23,0.5985686361384358
catalytic rate constant geometric mean.24,1.2075685577831752
catalytic rate constant geometric mean.25,1.7157688262995152
catalytic rate constant geometric mean.26,1.7009843818930759
catalytic rate constant geometric mean.27,1.6797065885400213
catalytic rate constant geometric mean.28,1.6956887977809398
catalytic rate constant geometric mean.29,1.3872848912485327
Michaelis constant,-3.456020488881191
Michaelis constant.1,-3.4559738540201663
Michaelis constant.2,-3.456033325686737
Michaelis constant.3,-3.455973694629582
Michaelis constant.4,-3.4560207836131447
Michaelis constant.5,-3.455979520011538
Michaelis constant.6,-3.4560232332160594
Michaelis constant.7,-3.455974290155371
Michaelis constant.8,-3.456019455727406
Michaelis constant.9,-3.4559788994658267
Michaelis constant.10,-3.4559665667643764
Michaelis constant.11,-3.4560202891619385
Michaelis constant.12,-3.4559761985982242
Michaelis constant.13,-3.4559813722860087
Michaelis constant.14,-3.4560242850030827
Michaelis constant.15,-3.4560190391551773
Michaelis constant.16,-3.4559666854445537
Michaelis constant.17,-3.4559774178727696
Michaelis constant.18,-3.455978899466249
Michaelis constant.19,-3.4560225910637854
Michaelis constant.20,-3.4560211076388145
Michaelis constant.21,-3.4560334478814516
Michaelis constant.22,-3.456033325686736
Michaelis constant.23,-3.4560172456148504
Michaelis constant.24,-3.456017508893597
Michaelis constant.25,-3.4560261555879186
Michaelis constant.26,-3.4559665667596637
Michaelis constant.27,-3.455966685444416
Michaelis constant.28,-3.455982760507548
Michaelis constant.29,-3.455982498077961
Michaelis constant.30,-3.4559738540191205
Michaelis constant.31,-3.4559341826095133
Michaelis constant.32,-3.456026100662631
Michaelis constant.33,-3.45601903915517
Michaelis constant.34,-3.456023810041148
Michaelis constant.35,-3.456017245614851
Michaelis constant.36,-3.4559824980774505
Michaelis constant.37,-3.4559736946294635
Michaelis constant.38,-3.4560261555879177
Michaelis constant.39,-3.4559813722851227
Michaelis constant.40,-3.455979224855973
Michaelis constant.41,-3.4560228505307626
Michaelis constant.42,-3.455976824381231
Michaelis constant.43,-3.4560207836131474
Michaelis constant.44,-3.4560658338865835
Michaelis constant.45,-3.455973909469523
Michaelis constant.46,-3.4559809689119287
Michaelis constant.47,-3.4559761985987945
Michaelis constant.48,-3.456025718896752
Michaelis constant.49,-3.4559827605069344
Michaelis constant.50,-3.4560211076388145
Michaelis constant.51,-3.455984027864086
Michaelis constant.52,-3.4559795633388046
Michaelis constant.53,-3.4560204457203887
Michaelis constant.54,-3.455982367149089
Michaelis constant.55,-3.4559768243812288
Michaelis constant.56,-3.456024285003082
Michaelis constant.57,-3.4559818601922463
Michaelis constant.58,-3.455977417871407
Michaelis constant.59,-3.4560334478814494
Michaelis constant.60,-3.4559739075961504
Michaelis constant.61,-3.4559666854444147
Michaelis constant.62,-3.456026315373019
Michaelis constant.63,-3.4559824980779568
Michaelis constant.64,-3.4560238100411476
Michaelis constant.65,-3.456033325686736
Michaelis constant.66,-3.456021107638812
Michaelis constant.67,-3.4560172456148464
Michaelis constant.68,-3.456017508893596
Michaelis constant.69,-3.4560186354616595
Michaelis constant.70,-3.4560159798409136
Michaelis constant.71,-3.455982367150755
Michaelis constant.72,-3.456017809110206
Michaelis constant.73,-3.455982224814826
Michaelis constant.74,-3.4559757244057066
Michaelis constant.75,-3.456065833886578
Michaelis constant.76,-3.4559821977439307
Michaelis constant.77,-3.455979717540706
Michaelis constant.78,-3.4560178091102083
Michaelis constant.79,-3.456017783616975
Michaelis constant.80,-3.455966566764616
Michaelis constant.81,-3.4560176405316225
Michaelis constant.82,-3.4559771586515393
Michaelis constant.83,-3.4560231848264302
Michaelis constant.84,-3.455975724410568
Michaelis constant.85,-3.456023621053123
Michaelis constant.86,-3.455980968910103
Michaelis constant.87,-3.456018635461662
Michaelis constant.88,-3.456026315373023
Michaelis constant.89,-3.455976776558945
Michaelis constant.90,-3.4560175088935967
Michaelis constant.91,-3.4559761985987962
Michaelis constant.92,-3.45602610066263
Michaelis constant.93,-3.4559768474205677
Michaelis constant.94,-3.45602259106379
Michaelis constant.95,-3.4559805530627945
Michaelis constant.96,-3.4560181481325314
Michaelis constant.97,-3.455934182607054
Michaelis constant.98,-3.4560228505307635
Michaelis constant.99,-3.456023184826431
Michaelis constant.100,-3.456020289161924
Michaelis constant.101,-3.4560231627620928
Michaelis constant.102,-3.455976389144258
Michaelis constant.103,-3.456023810041146
Michaelis constant.104,-3.455979224856469
Michaelis constant.105,-3.4560176405316203
Michaelis constant.106,-3.455977158652486
concentration,-3.4560000016031114
concentration.1,-3.4560000016031114
concentration.2,-3.4560000016031114
concentration.3,-3.4560000016031114
concentration.4,-3.4560000016031114
concentration.5,-3.4560000016031114
concentration.6,-3.4560000016031114
concentration.7,-3.4560000016031114
concentration.8,-3.4560000016031114
concentration.9,-3.4560000016031114
concentration.10,-3.4560000016031114
concentration.11,-3.4560000016031114
concentration.12,-3.4560000016031114
concentration.13,-3.4560000016031114
concentration.14,-3.4560000016031114
concentration.15,-3.4560000016031114
concentration.16,-3.4560000016031114
concentration.17,-3.4560000016031114
concentration.18,-3.4560000016031114
concentration.19,-3.4560000016031114
concentration.20,-3.4560000016031114
concentration.21,-3.4560000016031114
concentration.22,-3.4560000016031114
concentration.23,-3.4560000016031114
concentration.24,-3.4560000016031114
concentration.25,-3.4560000016031114
concentration.26,-3.4560000016031114
concentration.27,-3.4560000016031114
concentration.28,-3.4560000016031114
concentration.29,-3.4560000016031114
concentration.30,-3.4560000016031114
concentration.31,-3.4560000016031114
concentration.32,-3.4560000016031114
concentration.33,-3.4560000016031114
concentration.34,-3.4560000016031114
concentration.35,-3.4560000016031114
concentration.36,-3.4560000016031114
concentration.37,-3.4560000016031114
concentration.38,-3.4560000016031114
concentration.39,-3.4560000016031114
concentration of enzyme,-7.256550000888329
concentration of enzyme.1,-7.256550000888329
concentration of enzyme.2,-7.256550000888329
concentration of enzyme.3,-7.256550000888329
concentration of enzyme.4,-7.256550000888329
concentration of enzyme.5,-7.25655000088833
concentration of enzyme.6,-7.25655000088833
concentration of enzyme.7,-7.25655000088833
concentration of enzyme.8,-7.25655000088833
concentration of enzyme.9,-7.25655000088833
concentration of enzyme.10,-7.25655000088833
concentration of enzyme.11,-7.25655000088833
concentration of enzyme.12,-7.25655000088833
concentration of enzyme.13,-7.25655000088833
concentration of enzyme.14,-7.25655000088833
concentration of enzyme.15,-7.25655000088833
concentration of enzyme.16,-7.25655000088833
concentration of enzyme.17,-7.25655000088833
concentration of enzyme.18,-7.25655000088833
concentration of enzyme.19,-7.25655000088833
concentration of enzyme.20,-7.25655000088833
concentration of enzyme.21,-7.25655000088833
concentration of enzyme.22,-7.25655000088833
concentration of enzyme.23,-7.25655000088833
concentration of enzyme.24,-7.25655000088833
concentration of enzyme.25,-7.25655000088833
concentration of enzyme.26,-7.25655000088833
concentration of enzyme.27,-7.25655000088833
concentration of enzyme.28,-7.25655000088833
concentration of enzyme.29,-7.25655000088833
